Project_ID,Freelancer_Name,Skills,Rating,Completed_Projects,Price,Feedback,Project_Date,Location,Experience
1,Pooja Verma,Video Editing,4.2,16,9859,1,2024-08-02,Bangalore,6
2,Vikram Joshi,Video Editing,2.8,1,1193,2,2024-07-25,Chennai,1
3,Amit Reddy,Content Writing; Video Editing; Digital Marketing,1.9,16,6621,3,2024-07-12,Kolkata,6
4,Ravi Patel,Social Media Management; UI/UX Design; Digital Marketing,2.8,19,3148,5,2024-08-13,Delhi,1
5,Karan Singh,UI/UX Design; SEO; Content Writing; App Development,4.8,5,8749,1,2024-07-12,Kolkata,7
6,Sneha Mehta,Data Analysis; Digital Marketing; Video Editing,3.2,19,1781,4,2024-07-07,Hyderabad,2
7,Anjali Singh,Data Analysis; Graphic Design; App Development,4.0,9,6914,3,2024-08-05,Chennai,4
8,Deepa Sharma,Graphic Design; Social Media Management; SEO; Digital Marketing,3.3,18,3859,3,2024-07-23,Bangalore,10
9,Riya Joshi,Graphic Design; UI/UX Design; Digital Marketing; SEO,3.5,5,3745,3,2024-07-27,Hyderabad,9
10,Pooja Patel,Graphic Design,1.6,8,6136,3,2024-08-11,Bangalore,4
11,Tanya Patel,Data Analysis; Social Media Management; App Development,2.7,6,1378,2,2024-08-16,Delhi,10
12,Karan Gupta,Content Writing; UI/UX Design,1.4,3,8752,5,2024-07-04,Mumbai,6
13,Riya Gupta,Digital Marketing,3.5,3,7387,3,2024-07-15,Delhi,4
14,Varun Verma,Video Editing; Content Writing,1.1,12,6328,4,2024-07-30,Pune,8
15,Karan Mehta,Content Writing; Video Editing; App Development; Digital Marketing,3.4,19,8126,5,2024-08-10,Hyderabad,8
16,Neha Reddy,Video Editing; SEO; Graphic Design; App Development,2.2,14,5256,2,2024-07-20,Mumbai,0
17,Riya Verma,Digital Marketing; Data Analysis; Web Development,3.8,16,8816,3,2024-07-01,Pune,6
18,Neha Soni,Web Development; Video Editing,2.5,14,8161,4,2024-07-16,Delhi,10
19,Rahul Patel,Digital Marketing; Graphic Design,2.7,8,9464,5,2024-08-21,Hyderabad,10
20,Karan Kumar,UI/UX Design; SEO; Graphic Design,1.7,10,2808,4,2024-08-09,Kolkata,4
21,Tanya Joshi,Social Media Management; Web Development,1.6,18,1362,2,2024-07-07,Bangalore,4
22,Sneha Joshi,SEO,1.4,1,9086,2,2024-07-22,Kolkata,4
23,Shivam Reddy,Web Development; Social Media Management; Graphic Design; UI/UX Design,4.0,5,1918,3,2024-08-19,Kolkata,1
24,Nikhil Joshi,SEO; Digital Marketing,4.3,1,2998,2,2024-07-25,Pune,7
25,Aditi Sharma,Data Analysis; Graphic Design,3.1,7,8746,4,2024-08-13,Bangalore,5
26,Vikram Sharma,Digital Marketing,2.9,10,4255,3,2024-08-26,Mumbai,10
27,Ravi Gupta,UI/UX Design; Social Media Management,1.1,9,2960,4,2024-08-20,Delhi,0
28,Anjali Soni,App Development; Content Writing; Social Media Management; UI/UX Design,1.4,6,9190,1,2024-08-13,Chennai,5
29,Anjali Sharma,Content Writing; Video Editing; Graphic Design,1.5,8,6189,5,2024-08-20,Hyderabad,5
30,Varun Singh,UI/UX Design,2.4,5,5107,1,2024-08-01,Hyderabad,7
31,Nikhil Kumar,SEO; Content Writing; Social Media Management; Video Editing,3.9,9,3627,1,2024-08-03,Delhi,7
32,Neha Kumar,Data Analysis; Web Development; UI/UX Design,3.9,1,6965,5,2024-07-16,Bangalore,1
33,Nikhil Patel,Video Editing; Data Analysis,4.1,5,5638,3,2024-07-27,Hyderabad,5
34,Suresh Gupta,Web Development,4.3,5,3926,1,2024-07-13,Mumbai,7
35,Ravi Gupta,App Development,3.6,13,9026,5,2024-08-09,Hyderabad,9
36,Karan Sharma,SEO; Graphic Design; Web Development,4.7,7,9051,1,2024-07-30,Pune,10
37,Anjali Reddy,Social Media Management; Web Development; Digital Marketing; Data Analysis,1.2,3,5979,1,2024-08-30,Delhi,8
38,Suresh Gupta,Video Editing; UI/UX Design,1.8,17,5075,5,2024-08-10,Delhi,8
39,Nikhil Patel,App Development,2.4,15,7997,1,2024-07-11,Pune,2
40,Nikhil Patel,Content Writing; Video Editing; Data Analysis,4.7,11,6319,3,2024-07-27,Pune,10
41,Sakshi Reddy,App Development; Video Editing,1.9,18,5162,3,2024-07-29,Kolkata,6
42,Rahul Sharma,App Development; Web Development; Content Writing,5.0,10,1107,3,2024-07-15,Delhi,5
43,Rahul Kumar,Graphic Design; Web Development,2.8,5,3267,3,2024-07-24,Chennai,3
44,Aditi Kumar,Graphic Design; UI/UX Design; SEO,3.9,11,8905,2,2024-08-01,Pune,9
45,Suresh Soni,Web Development; UI/UX Design; Graphic Design,4.1,11,6700,4,2024-07-27,Pune,1
46,Aditi Soni,UI/UX Design,1.2,17,1674,3,2024-08-04,Chennai,2
47,Amit Mehta,Content Writing; Web Development,3.7,13,8300,5,2024-08-06,Chennai,1
48,Aditi Patel,UI/UX Design; Content Writing; Video Editing,2.3,16,1807,5,2024-07-26,Bangalore,1
49,Rahul Mehta,Content Writing; App Development; Data Analysis; Digital Marketing,1.8,13,4212,5,2024-08-09,Hyderabad,8
50,Aditi Singh,Digital Marketing,4.1,11,2467,1,2024-08-12,Kolkata,6
51,Deepa Reddy,Social Media Management; App Development,3.4,1,5994,2,2024-07-23,Chennai,7
52,Tanya Verma,Web Development; SEO; Video Editing; Social Media Management,2.5,3,2841,1,2024-07-16,Chennai,2
53,Neha Sharma,Graphic Design; Digital Marketing; Data Analysis,2.9,11,4424,5,2024-07-14,Delhi,8
54,Riya Kumar,App Development; Content Writing; Web Development; SEO,3.3,17,1712,3,2024-07-11,Mumbai,4
55,Ravi Soni,Web Development; Data Analysis; App Development,1.3,9,6901,1,2024-07-02,Bangalore,10
56,Rahul Singh,Video Editing; Graphic Design; Social Media Management; SEO,4.5,18,2442,2,2024-07-13,Chennai,7
57,Nikhil Sharma,SEO,4.7,10,6465,4,2024-07-26,Hyderabad,2
58,Rahul Reddy,Social Media Management; Digital Marketing; SEO,5.0,17,5519,1,2024-08-10,Bangalore,6
59,Rahul Mehta,SEO; Content Writing; Social Media Management,4.6,5,2438,4,2024-08-03,Hyderabad,9
60,Aditi Patel,App Development; Content Writing,2.7,10,6395,4,2024-08-04,Delhi,3
61,Sneha Soni,Content Writing; Digital Marketing,3.8,17,3215,4,2024-08-28,Pune,2
62,Pooja Verma,Graphic Design; Video Editing; App Development,1.7,5,1483,3,2024-08-26,Kolkata,6
63,Neha Joshi,Content Writing; SEO; Graphic Design,1.5,1,5372,5,2024-08-06,Chennai,3
64,Tanya Singh,Web Development; Social Media Management,1.3,16,3196,5,2024-08-24,Chennai,7
65,Deepa Verma,Data Analysis; App Development; Content Writing; Graphic Design,1.8,2,7694,1,2024-08-29,Bangalore,6
66,Aditi Singh,Graphic Design; Content Writing,4.7,15,9027,3,2024-08-25,Kolkata,3
67,Sakshi Patel,App Development,3.9,13,6126,4,2024-08-09,Hyderabad,9
68,Tanya Mehta,Video Editing,1.4,15,1694,2,2024-08-03,Chennai,6
69,Anjali Mehta,Video Editing; Web Development; SEO; Content Writing,2.8,10,5684,4,2024-07-11,Kolkata,4
70,Tanya Sharma,Data Analysis; App Development,1.4,17,2854,2,2024-08-19,Chennai,8
71,Sneha Patel,Social Media Management; Data Analysis; Web Development; Graphic Design,2.8,7,8449,1,2024-07-17,Bangalore,10
72,Vikram Gupta,Graphic Design,3.8,12,2397,5,2024-08-15,Kolkata,8
73,Tanya Verma,Video Editing; UI/UX Design; Web Development; App Development,1.7,11,3459,2,2024-08-25,Delhi,2
74,Anjali Patel,Digital Marketing; Data Analysis; App Development,3.5,4,3155,2,2024-07-01,Chennai,4
75,Rahul Joshi,Data Analysis; Video Editing; Web Development; Digital Marketing,4.5,8,4553,5,2024-08-12,Kolkata,7
76,Sakshi Joshi,App Development,3.4,8,9967,3,2024-08-09,Hyderabad,8
77,Ravi Sharma,Content Writing; Web Development,3.6,2,3381,1,2024-08-12,Chennai,9
78,Neha Reddy,Web Development,1.4,6,3643,3,2024-08-09,Hyderabad,9
79,Pooja Mehta,Data Analysis; Social Media Management,4.7,3,5903,3,2024-07-24,Kolkata,1
80,Sakshi Mehta,Digital Marketing,2.9,4,5496,3,2024-08-03,Kolkata,8
81,Ravi Singh,Graphic Design,3.3,17,2436,4,2024-08-16,Hyderabad,9
82,Neha Patel,Digital Marketing; Video Editing; Social Media Management,4.7,20,9132,5,2024-08-16,Hyderabad,7
83,Shivam Verma,Digital Marketing; SEO,1.0,1,8616,1,2024-08-17,Pune,3
84,Tanya Patel,Web Development; Social Media Management; Video Editing; Digital Marketing,4.2,7,1185,2,2024-08-14,Bangalore,4
85,Priya Kumar,Video Editing; App Development; Social Media Management,4.1,4,6460,3,2024-07-26,Hyderabad,9
86,Tanya Sharma,SEO; Social Media Management,4.3,16,8774,1,2024-08-11,Delhi,7
87,Sneha Joshi,Data Analysis; UI/UX Design; Web Development,4.3,10,6169,5,2024-08-04,Mumbai,3
88,Pooja Reddy,Graphic Design; Content Writing; Digital Marketing,4.4,11,7147,5,2024-08-23,Delhi,9
89,Tanya Patel,App Development; Graphic Design,4.5,10,6152,1,2024-07-18,Kolkata,1
90,Shivam Singh,Data Analysis; Digital Marketing; SEO,3.1,6,2838,3,2024-08-20,Mumbai,3
91,Priya Joshi,Data Analysis,4.6,5,4116,3,2024-08-29,Kolkata,8
92,Neha Reddy,Graphic Design; Video Editing,3.7,5,4361,1,2024-07-30,Kolkata,8
93,Suresh Sharma,Web Development; Graphic Design; Social Media Management,2.9,2,2689,5,2024-08-19,Hyderabad,4
94,Rahul Soni,SEO; Social Media Management; App Development,1.8,9,9720,3,2024-08-19,Kolkata,10
95,Suresh Kumar,Content Writing; Digital Marketing,1.5,20,9422,1,2024-07-14,Chennai,5
96,Nikhil Reddy,Content Writing; Digital Marketing; SEO,1.7,10,6549,5,2024-07-29,Mumbai,2
97,Rahul Joshi,Graphic Design,2.5,3,7987,4,2024-07-12,Hyderabad,9
98,Pooja Joshi,Digital Marketing; Social Media Management; SEO,3.9,18,2286,4,2024-08-06,Delhi,1
99,Varun Gupta,Digital Marketing; Data Analysis; Video Editing; Graphic Design,4.8,5,5227,3,2024-07-26,Delhi,10
100,Amit Reddy,Data Analysis; Web Development; Graphic Design; SEO,1.5,16,8556,2,2024-07-19,Pune,5
101,Tanya Soni,Video Editing; Graphic Design,2.6,4,6339,5,2024-08-11,Mumbai,4
102,Nikhil Joshi,App Development; UI/UX Design; SEO; Digital Marketing,2.0,6,8903,4,2024-07-05,Bangalore,3
103,Pooja Patel,App Development; Social Media Management; SEO; Graphic Design,3.7,3,8972,1,2024-08-07,Chennai,7
104,Amit Mehta,Data Analysis,1.7,13,2140,5,2024-07-07,Hyderabad,9
105,Rahul Reddy,Web Development; Graphic Design; SEO; UI/UX Design,1.6,19,1003,2,2024-08-12,Delhi,7
106,Nikhil Kumar,App Development; Data Analysis; SEO; Graphic Design,3.7,11,5910,5,2024-08-20,Hyderabad,4
107,Sakshi Reddy,App Development,1.0,17,7622,2,2024-08-24,Bangalore,0
108,Deepa Mehta,Web Development,3.8,12,2797,3,2024-08-25,Mumbai,3
109,Sakshi Soni,Social Media Management; UI/UX Design; Video Editing; SEO,2.7,7,3841,4,2024-07-09,Delhi,8
110,Rahul Reddy,Content Writing; Digital Marketing; App Development; Graphic Design,1.0,1,3359,4,2024-08-12,Kolkata,2
111,Priya Verma,Data Analysis; UI/UX Design; Content Writing; SEO,3.0,18,8373,4,2024-07-23,Delhi,2
112,Sakshi Soni,App Development,3.0,8,9220,3,2024-07-27,Chennai,9
113,Deepa Sharma,App Development,2.9,12,2854,5,2024-07-31,Hyderabad,1
114,Sneha Mehta,Data Analysis; Video Editing; Graphic Design,3.1,20,2449,2,2024-07-31,Hyderabad,10
115,Priya Mehta,App Development; Web Development; Social Media Management,3.1,1,8681,4,2024-08-02,Kolkata,9
116,Amit Patel,Digital Marketing; App Development; Content Writing,1.1,20,5981,5,2024-07-17,Mumbai,10
117,Shivam Soni,App Development; Web Development,3.6,10,1447,3,2024-08-01,Mumbai,2
118,Riya Gupta,Digital Marketing; Content Writing; App Development,2.1,9,1232,1,2024-08-08,Delhi,9
119,Sneha Joshi,Content Writing; Digital Marketing; SEO,2.9,17,1542,3,2024-07-06,Delhi,9
120,Sneha Joshi,UI/UX Design; SEO; Data Analysis; Social Media Management,3.6,7,6653,1,2024-08-11,Bangalore,1
121,Anjali Verma,UI/UX Design; Data Analysis; Digital Marketing; SEO,4.0,18,4828,4,2024-08-13,Hyderabad,6
122,Shivam Kumar,Video Editing; UI/UX Design,1.0,15,7258,3,2024-08-03,Hyderabad,0
123,Suresh Mehta,UI/UX Design; Digital Marketing; Social Media Management,2.1,4,5183,5,2024-07-26,Kolkata,10
124,Aditi Soni,Video Editing; Social Media Management,3.7,6,6132,5,2024-07-01,Hyderabad,0
125,Priya Sharma,Graphic Design; Video Editing; App Development; Social Media Management,2.8,8,5641,3,2024-07-13,Mumbai,0
126,Tanya Gupta,App Development,3.6,7,2995,1,2024-07-06,Pune,9
127,Sneha Patel,Graphic Design; Content Writing,2.0,15,2240,4,2024-08-29,Bangalore,6
128,Amit Kumar,Graphic Design; Digital Marketing,4.1,13,7366,3,2024-07-04,Bangalore,4
129,Vikram Joshi,Data Analysis,4.9,7,7432,2,2024-08-11,Kolkata,1
130,Sneha Mehta,SEO; Graphic Design; Data Analysis; Social Media Management,2.0,2,2194,1,2024-08-06,Hyderabad,4
131,Varun Sharma,Content Writing; Web Development; Video Editing; Social Media Management,2.6,5,6403,4,2024-08-06,Mumbai,8
132,Shivam Joshi,UI/UX Design; Graphic Design; SEO; Web Development,2.5,16,2985,5,2024-08-04,Bangalore,5
133,Neha Patel,Graphic Design,2.5,11,2318,4,2024-08-18,Pune,4
134,Ravi Verma,UI/UX Design,3.6,10,7391,1,2024-08-10,Hyderabad,5
135,Shivam Gupta,SEO; Content Writing; Web Development; Graphic Design,1.1,19,4907,4,2024-07-25,Mumbai,8
136,Neha Joshi,Web Development; App Development; Social Media Management; Video Editing,2.4,2,7643,1,2024-07-14,Pune,10
137,Riya Joshi,App Development; SEO,4.7,2,3319,4,2024-08-11,Mumbai,7
138,Tanya Sharma,Content Writing; Web Development,1.7,2,6035,1,2024-07-30,Chennai,2
139,Pooja Gupta,Graphic Design,3.0,20,4613,1,2024-08-21,Delhi,6
140,Amit Patel,Graphic Design; Video Editing; Content Writing,2.3,7,1746,5,2024-07-12,Bangalore,1
141,Suresh Kumar,UI/UX Design; Content Writing,3.8,18,3703,4,2024-07-16,Chennai,0
142,Sneha Gupta,Content Writing; Web Development; Data Analysis; Video Editing,1.0,6,2460,5,2024-08-26,Bangalore,6
143,Shivam Verma,Content Writing; Digital Marketing,3.1,14,4919,2,2024-08-09,Hyderabad,0
144,Tanya Verma,App Development; Graphic Design; Digital Marketing; Content Writing,2.7,18,4860,2,2024-07-08,Chennai,1
145,Tanya Reddy,Data Analysis; SEO,2.1,7,2846,2,2024-08-13,Pune,7
146,Shivam Verma,Web Development; App Development,3.6,10,4433,4,2024-07-17,Bangalore,9
147,Varun Sharma,Web Development,4.7,6,3589,1,2024-08-01,Chennai,1
148,Priya Singh,App Development; Social Media Management; UI/UX Design; Graphic Design,4.0,11,4769,1,2024-07-21,Delhi,1
149,Aditi Patel,UI/UX Design; SEO,1.3,19,8936,1,2024-08-26,Kolkata,2
150,Ravi Soni,Content Writing; UI/UX Design; Social Media Management; Graphic Design,2.8,7,6875,3,2024-07-13,Bangalore,2
151,Anjali Soni,Digital Marketing,1.5,15,8513,4,2024-07-11,Pune,5
152,Aditi Kumar,App Development; Content Writing,3.3,18,4763,1,2024-07-27,Pune,8
153,Shivam Singh,Data Analysis; Digital Marketing; Web Development; Social Media Management,2.7,8,5060,3,2024-07-28,Chennai,3
154,Pooja Verma,UI/UX Design,4.9,2,8711,5,2024-07-03,Kolkata,8
155,Rahul Joshi,Data Analysis,3.0,3,1203,4,2024-08-30,Delhi,2
156,Deepa Kumar,Graphic Design; Web Development,2.9,10,3650,4,2024-08-24,Chennai,9
157,Rahul Joshi,Content Writing; UI/UX Design; App Development; Video Editing,4.5,15,1022,1,2024-07-25,Hyderabad,5
158,Riya Sharma,UI/UX Design; Digital Marketing; SEO,4.2,3,6500,1,2024-08-02,Hyderabad,5
159,Anjali Gupta,Social Media Management; Data Analysis; Web Development; Content Writing,2.5,18,2097,5,2024-08-15,Pune,3
160,Sneha Reddy,Video Editing; Graphic Design,3.6,19,4437,2,2024-07-21,Bangalore,4
161,Riya Patel,Web Development; Graphic Design; Social Media Management,2.4,16,9215,5,2024-08-23,Mumbai,7
162,Nikhil Mehta,Data Analysis; Social Media Management; Graphic Design,1.8,15,2430,1,2024-07-26,Delhi,4
163,Priya Gupta,Digital Marketing; Graphic Design,3.8,16,3465,2,2024-08-03,Hyderabad,0
164,Neha Patel,Data Analysis; Social Media Management,2.7,1,5776,2,2024-07-05,Mumbai,3
165,Riya Reddy,App Development; Social Media Management; Video Editing; SEO,3.4,17,9986,4,2024-07-30,Bangalore,9
166,Sneha Kumar,Digital Marketing; SEO,2.9,10,1775,2,2024-07-23,Bangalore,7
167,Vikram Soni,Video Editing; Digital Marketing,1.7,6,3514,2,2024-07-16,Mumbai,0
168,Amit Soni,Data Analysis; Digital Marketing,2.5,7,1568,3,2024-07-23,Delhi,5
169,Varun Mehta,Video Editing; Digital Marketing,1.5,1,7628,4,2024-08-19,Delhi,7
170,Amit Verma,Video Editing,4.9,11,5842,4,2024-08-27,Bangalore,9
171,Sneha Soni,Social Media Management; Graphic Design; Data Analysis; Web Development,1.6,18,2914,3,2024-07-02,Kolkata,9
172,Aditi Joshi,Graphic Design; Social Media Management; Web Development,3.4,7,9625,2,2024-08-20,Pune,4
173,Ravi Sharma,Video Editing,4.4,3,9385,4,2024-07-13,Kolkata,5
174,Tanya Soni,Social Media Management,2.6,14,7056,4,2024-07-24,Mumbai,4
175,Deepa Reddy,Data Analysis; Video Editing; Graphic Design,1.9,15,7809,4,2024-07-19,Delhi,6
176,Sakshi Verma,Content Writing,1.8,16,9606,3,2024-07-05,Chennai,6
177,Priya Sharma,Digital Marketing; UI/UX Design; Content Writing; App Development,2.8,19,3243,2,2024-07-12,Pune,6
178,Neha Mehta,Web Development; Digital Marketing; Video Editing; SEO,3.2,15,4678,1,2024-08-20,Mumbai,2
179,Karan Kumar,Graphic Design; Digital Marketing; UI/UX Design; App Development,3.0,8,1466,1,2024-08-18,Bangalore,7
180,Priya Soni,App Development; Data Analysis; UI/UX Design,4.5,16,2959,3,2024-08-02,Hyderabad,9
181,Rahul Kumar,App Development; Web Development,1.6,15,3219,3,2024-07-11,Mumbai,4
182,Deepa Patel,Web Development; Digital Marketing; Video Editing,3.1,3,9419,2,2024-08-19,Hyderabad,2
183,Suresh Soni,Video Editing; Social Media Management,4.5,10,5447,3,2024-07-07,Chennai,9
184,Deepa Verma,Content Writing,3.1,12,8944,4,2024-07-22,Delhi,1
185,Ravi Verma,SEO; Video Editing,3.5,17,9717,5,2024-08-14,Pune,1
186,Sakshi Joshi,Graphic Design,4.3,1,8856,3,2024-07-20,Hyderabad,5
187,Sneha Joshi,Content Writing; Digital Marketing; Web Development,4.0,4,4643,2,2024-08-24,Hyderabad,2
188,Aditi Kumar,SEO; Content Writing,4.9,14,2830,1,2024-07-02,Pune,7
189,Sakshi Sharma,Graphic Design; Web Development,4.2,17,1971,4,2024-07-08,Bangalore,0
190,Priya Kumar,Graphic Design,4.1,20,4365,5,2024-08-27,Delhi,2
191,Deepa Sharma,Content Writing,4.4,9,6698,3,2024-07-11,Pune,8
192,Tanya Singh,Graphic Design,4.3,1,9664,2,2024-08-15,Delhi,4
193,Vikram Mehta,Graphic Design,4.7,17,8777,3,2024-08-14,Chennai,2
194,Varun Gupta,Social Media Management; UI/UX Design,2.7,17,4728,4,2024-07-08,Pune,5
195,Suresh Joshi,Video Editing,1.5,12,5723,5,2024-08-16,Mumbai,1
196,Amit Joshi,UI/UX Design,2.1,20,6111,4,2024-07-15,Chennai,6
197,Neha Patel,Graphic Design; Data Analysis,4.8,12,3937,1,2024-08-13,Kolkata,10
198,Suresh Patel,Video Editing; Graphic Design; App Development; Data Analysis,2.6,19,2666,2,2024-07-05,Bangalore,3
199,Amit Singh,Graphic Design; SEO; UI/UX Design; Social Media Management,3.0,19,5472,4,2024-07-23,Kolkata,10
200,Tanya Patel,Video Editing; Digital Marketing; Content Writing; UI/UX Design,2.8,4,5107,4,2024-08-01,Delhi,10
201,Sneha Sharma,Web Development,4.3,16,1438,2,2024-07-25,Chennai,10
202,Amit Verma,App Development; Graphic Design; Video Editing,3.6,17,9064,4,2024-07-13,Bangalore,10
203,Shivam Joshi,Video Editing; Social Media Management; Web Development,4.8,2,8051,1,2024-07-25,Kolkata,5
204,Rahul Joshi,Web Development; App Development; Content Writing; Digital Marketing,3.6,10,3689,4,2024-07-28,Delhi,4
205,Rahul Joshi,App Development,3.7,18,9837,5,2024-07-31,Kolkata,8
206,Vikram Mehta,UI/UX Design,2.1,19,7189,5,2024-08-13,Bangalore,4
207,Amit Sharma,App Development,1.2,12,6715,5,2024-07-02,Pune,10
208,Amit Patel,UI/UX Design,2.4,12,7749,3,2024-07-04,Hyderabad,3
209,Aditi Singh,App Development; Graphic Design; Video Editing,4.5,4,6531,2,2024-07-02,Chennai,5
210,Anjali Joshi,App Development; Video Editing; UI/UX Design; Content Writing,1.1,16,1364,3,2024-07-25,Chennai,6
211,Amit Soni,Data Analysis,1.4,7,6504,4,2024-08-02,Pune,10
212,Amit Verma,Social Media Management; UI/UX Design; SEO,3.0,3,9779,2,2024-07-19,Bangalore,0
213,Neha Soni,SEO; Graphic Design; Video Editing; Digital Marketing,2.3,3,9700,4,2024-07-28,Delhi,5
214,Priya Kumar,UI/UX Design; Video Editing; Social Media Management,1.8,13,5116,5,2024-08-02,Kolkata,10
215,Nikhil Verma,Video Editing,4.5,19,9178,2,2024-08-12,Pune,7
216,Karan Mehta,App Development; Web Development; SEO; Content Writing,2.8,8,3465,3,2024-08-24,Kolkata,6
217,Amit Gupta,UI/UX Design; Digital Marketing,4.3,6,5201,5,2024-07-16,Kolkata,3
218,Suresh Verma,Web Development; SEO,4.2,10,8604,4,2024-08-05,Kolkata,6
219,Anjali Singh,Digital Marketing; Content Writing,1.1,9,3883,1,2024-08-16,Kolkata,0
220,Anjali Gupta,App Development; Digital Marketing; Graphic Design,4.6,14,6954,1,2024-07-26,Pune,2
221,Aditi Gupta,Video Editing,3.7,19,9605,3,2024-08-01,Mumbai,3
222,Tanya Gupta,Social Media Management; UI/UX Design; SEO,4.7,7,3363,1,2024-07-12,Delhi,4
223,Varun Patel,App Development; Web Development; Data Analysis,3.1,4,6185,5,2024-07-28,Kolkata,10
224,Aditi Kumar,Social Media Management; Data Analysis,3.9,10,1345,5,2024-07-03,Pune,10
225,Anjali Singh,Video Editing; UI/UX Design; Digital Marketing,3.6,12,2999,5,2024-08-25,Delhi,7
226,Rahul Sharma,Digital Marketing; App Development; Graphic Design; UI/UX Design,4.0,10,4446,2,2024-08-28,Kolkata,10
227,Amit Patel,Digital Marketing,4.5,16,8718,4,2024-08-29,Pune,5
228,Sakshi Gupta,Digital Marketing; Video Editing,1.3,14,9973,3,2024-07-30,Hyderabad,0
229,Anjali Verma,Content Writing; Web Development; UI/UX Design; Graphic Design,3.5,11,2347,1,2024-07-11,Delhi,8
230,Sneha Soni,Social Media Management; Data Analysis; Video Editing; UI/UX Design,3.9,9,3842,5,2024-08-22,Bangalore,4
231,Ravi Gupta,Social Media Management; Content Writing; UI/UX Design; SEO,4.8,19,4677,1,2024-08-30,Mumbai,8
232,Tanya Singh,Data Analysis,1.8,6,1815,4,2024-08-09,Kolkata,9
233,Karan Verma,Social Media Management,1.7,19,2922,1,2024-08-15,Chennai,6
234,Varun Joshi,SEO,3.9,7,5361,3,2024-08-17,Kolkata,6
235,Sneha Patel,App Development; SEO,5.0,10,4102,4,2024-07-12,Kolkata,2
236,Rahul Kumar,SEO; Data Analysis; App Development,2.5,15,2404,1,2024-07-31,Delhi,5
237,Rahul Singh,UI/UX Design; Digital Marketing; Graphic Design; Web Development,3.2,2,6453,2,2024-07-31,Bangalore,9
238,Tanya Sharma,Digital Marketing,3.0,13,5956,4,2024-08-12,Bangalore,2
239,Nikhil Sharma,Digital Marketing; Content Writing,3.0,11,8669,2,2024-07-06,Bangalore,8
240,Sakshi Verma,Graphic Design; Social Media Management; Web Development,4.9,16,5603,3,2024-08-29,Kolkata,4
241,Karan Soni,Video Editing; Social Media Management; UI/UX Design,4.6,11,9049,2,2024-08-05,Pune,10
242,Varun Sharma,Content Writing; Web Development,1.9,2,8704,3,2024-07-11,Hyderabad,7
243,Sakshi Gupta,Web Development; Data Analysis; Social Media Management; Video Editing,3.2,15,9077,1,2024-08-24,Hyderabad,2
244,Suresh Reddy,SEO,4.5,6,3757,5,2024-08-22,Bangalore,9
245,Pooja Singh,Video Editing,4.1,6,7822,1,2024-07-16,Pune,7
246,Suresh Reddy,Digital Marketing,3.7,4,7458,3,2024-08-07,Mumbai,5
247,Sneha Sharma,Data Analysis,4.3,16,8439,3,2024-08-08,Hyderabad,0
248,Amit Sharma,Social Media Management; Content Writing; SEO; UI/UX Design,1.2,10,6294,1,2024-08-17,Mumbai,8
249,Tanya Patel,UI/UX Design,2.0,8,7535,1,2024-07-02,Pune,3
250,Vikram Patel,Digital Marketing; Content Writing; Graphic Design; Video Editing,3.0,14,6080,5,2024-07-09,Bangalore,10
251,Suresh Reddy,Data Analysis; App Development,4.5,16,5398,5,2024-08-08,Kolkata,1
252,Sakshi Reddy,UI/UX Design; App Development,1.4,17,6599,4,2024-08-13,Delhi,10
253,Sneha Joshi,Digital Marketing,2.9,3,8825,3,2024-07-10,Delhi,10
254,Neha Singh,Digital Marketing; Web Development; Graphic Design; Video Editing,3.1,17,7961,4,2024-07-07,Kolkata,10
255,Pooja Kumar,Digital Marketing; Graphic Design; Web Development,1.5,15,3941,2,2024-08-23,Kolkata,0
256,Priya Patel,Social Media Management; Data Analysis; Video Editing,3.5,9,6592,2,2024-07-14,Delhi,1
257,Tanya Kumar,UI/UX Design,3.1,1,7470,1,2024-07-01,Delhi,10
258,Shivam Joshi,App Development; Data Analysis; Digital Marketing; Video Editing,4.3,20,6910,4,2024-08-21,Bangalore,1
259,Sneha Verma,SEO,1.4,1,4083,1,2024-07-14,Kolkata,10
260,Sneha Singh,Video Editing; SEO; Graphic Design; Content Writing,4.1,5,8765,4,2024-07-02,Mumbai,2
261,Sneha Joshi,Data Analysis; Web Development; App Development; Digital Marketing,2.0,10,7418,1,2024-07-22,Mumbai,1
262,Sakshi Patel,App Development; Video Editing; Digital Marketing; Web Development,2.9,16,9410,5,2024-08-16,Chennai,10
263,Shivam Singh,Video Editing,1.1,19,6174,5,2024-07-05,Bangalore,10
264,Sakshi Joshi,Data Analysis,3.5,12,8345,4,2024-07-02,Delhi,4
265,Ravi Joshi,Data Analysis; SEO; Video Editing,3.4,11,8675,2,2024-08-26,Bangalore,6
266,Sakshi Reddy,Content Writing; SEO; Digital Marketing; Social Media Management,4.0,16,3115,2,2024-07-13,Delhi,9
267,Shivam Gupta,Data Analysis; Digital Marketing; SEO; Graphic Design,3.2,1,6878,3,2024-07-23,Hyderabad,2
268,Vikram Mehta,Graphic Design,2.4,4,4714,1,2024-08-05,Delhi,7
269,Karan Reddy,Web Development; Video Editing; Digital Marketing,4.6,17,2706,1,2024-08-29,Kolkata,7
270,Suresh Gupta,Video Editing,1.2,4,3736,1,2024-08-25,Delhi,5
271,Vikram Kumar,Video Editing; Data Analysis; Graphic Design; App Development,3.6,11,3257,1,2024-08-24,Delhi,7
272,Sakshi Sharma,Data Analysis; Social Media Management,2.1,6,2396,3,2024-07-24,Hyderabad,6
273,Deepa Singh,Video Editing; UI/UX Design,4.1,5,8025,4,2024-08-28,Kolkata,7
274,Riya Reddy,Data Analysis,1.6,1,9476,1,2024-07-06,Bangalore,5
275,Rahul Verma,Web Development; UI/UX Design; App Development; Social Media Management,4.7,5,1947,5,2024-07-19,Kolkata,6
276,Nikhil Kumar,Social Media Management; Web Development; Digital Marketing,4.6,20,3406,4,2024-07-29,Hyderabad,3
277,Nikhil Soni,Social Media Management; UI/UX Design; SEO; Content Writing,1.3,18,6480,4,2024-08-16,Hyderabad,2
278,Riya Mehta,SEO; Graphic Design; Digital Marketing,3.1,6,1383,1,2024-08-26,Pune,8
279,Pooja Kumar,Digital Marketing; UI/UX Design,4.9,4,1982,3,2024-07-17,Hyderabad,8
280,Deepa Gupta,Graphic Design,2.8,19,1085,4,2024-07-22,Delhi,9
281,Pooja Mehta,Social Media Management; Digital Marketing,2.1,19,3293,4,2024-08-03,Hyderabad,3
282,Suresh Reddy,Social Media Management; Data Analysis,1.4,14,7751,1,2024-07-06,Mumbai,6
283,Sneha Joshi,Data Analysis; Graphic Design,2.5,17,7598,5,2024-08-05,Chennai,6
284,Karan Soni,UI/UX Design; Data Analysis; Video Editing; Social Media Management,4.9,6,3364,5,2024-07-09,Kolkata,7
285,Sneha Mehta,SEO,2.8,2,3569,5,2024-07-24,Mumbai,9
286,Sakshi Gupta,Social Media Management,3.3,2,9565,2,2024-07-08,Bangalore,4
287,Deepa Kumar,Data Analysis; Web Development; Content Writing,1.6,19,7910,1,2024-08-29,Bangalore,4
288,Ravi Verma,Web Development; Graphic Design; Social Media Management; App Development,4.5,14,8883,5,2024-07-20,Chennai,7
289,Amit Patel,App Development; Content Writing; Video Editing; Digital Marketing,3.5,15,8357,2,2024-08-25,Hyderabad,5
290,Priya Soni,UI/UX Design; SEO; App Development; Content Writing,3.2,15,5544,1,2024-08-25,Delhi,0
291,Pooja Kumar,Video Editing,1.3,20,9877,5,2024-08-18,Mumbai,9
292,Riya Singh,Video Editing; Web Development; Graphic Design; Social Media Management,4.7,6,1310,3,2024-08-20,Delhi,3
293,Pooja Joshi,Video Editing,3.4,13,1737,4,2024-08-25,Mumbai,5
294,Sakshi Verma,Web Development; Video Editing; Social Media Management; SEO,2.0,4,2627,5,2024-07-11,Bangalore,2
295,Vikram Kumar,Content Writing,2.2,14,3772,1,2024-08-09,Bangalore,2
296,Rahul Sharma,UI/UX Design; Graphic Design; Social Media Management,1.6,11,5225,4,2024-08-30,Pune,1
297,Anjali Singh,App Development; SEO,3.0,17,7308,1,2024-07-18,Mumbai,5
298,Varun Mehta,Graphic Design; Data Analysis; Web Development; SEO,3.5,1,5409,5,2024-08-07,Hyderabad,1
299,Aditi Mehta,Digital Marketing; UI/UX Design,2.8,17,4333,2,2024-07-24,Chennai,2
300,Aditi Mehta,Video Editing; Data Analysis; Web Development; App Development,4.3,20,5739,2,2024-07-01,Mumbai,7
301,Karan Soni,UI/UX Design; Social Media Management; SEO,3.3,17,5609,1,2024-07-11,Hyderabad,8
302,Pooja Gupta,Graphic Design; UI/UX Design; App Development,4.3,18,5578,4,2024-07-14,Chennai,8
303,Amit Reddy,Data Analysis; Digital Marketing; SEO,3.6,11,6597,2,2024-07-30,Chennai,5
304,Rahul Verma,App Development,2.9,1,3843,4,2024-08-05,Hyderabad,7
305,Rahul Mehta,Graphic Design,3.2,15,3022,3,2024-08-22,Kolkata,9
306,Deepa Patel,Web Development; Graphic Design,2.9,7,8283,1,2024-07-15,Hyderabad,0
307,Karan Reddy,Graphic Design; Digital Marketing,4.2,8,4838,4,2024-07-24,Mumbai,4
308,Shivam Soni,Web Development; SEO,4.9,13,2817,3,2024-08-06,Chennai,7
309,Vikram Mehta,App Development; Content Writing,1.3,5,2065,2,2024-07-17,Chennai,3
310,Riya Kumar,Web Development; Video Editing,3.5,18,8437,1,2024-08-30,Kolkata,10
311,Anjali Reddy,UI/UX Design; Digital Marketing; Graphic Design; Social Media Management,3.1,16,6922,5,2024-08-18,Mumbai,3
312,Anjali Kumar,Video Editing; Data Analysis; Social Media Management; Web Development,2.6,11,2340,5,2024-08-21,Mumbai,3
313,Sakshi Gupta,SEO; Content Writing,2.3,3,2584,1,2024-07-31,Kolkata,0
314,Pooja Reddy,SEO; Graphic Design; Data Analysis,2.0,11,1891,3,2024-08-03,Pune,3
315,Priya Soni,Graphic Design; Data Analysis; App Development; Web Development,4.9,2,7183,3,2024-08-26,Pune,1
316,Sneha Sharma,Web Development; Digital Marketing; UI/UX Design; App Development,1.4,2,1855,3,2024-08-24,Kolkata,6
317,Suresh Soni,SEO; Web Development; Data Analysis; App Development,2.9,14,2659,3,2024-08-11,Hyderabad,0
318,Varun Mehta,App Development; SEO; Graphic Design,1.4,20,2106,5,2024-08-20,Pune,3
319,Pooja Verma,Social Media Management; UI/UX Design; Data Analysis,3.9,15,4046,2,2024-07-09,Pune,0
320,Anjali Verma,App Development; UI/UX Design; Social Media Management,2.2,18,3385,2,2024-07-31,Bangalore,9
321,Amit Kumar,Web Development; Video Editing; Content Writing,1.2,17,1894,4,2024-07-23,Delhi,3
322,Ravi Gupta,SEO; Data Analysis; Video Editing,3.4,11,6499,5,2024-07-20,Kolkata,5
323,Vikram Gupta,Web Development; Data Analysis; SEO; App Development,3.6,8,8643,5,2024-07-14,Delhi,7
324,Amit Patel,UI/UX Design; Content Writing,4.3,1,6944,1,2024-07-05,Bangalore,0
325,Nikhil Gupta,Digital Marketing; Data Analysis,1.8,19,6896,1,2024-07-02,Delhi,3
326,Neha Verma,Digital Marketing; Content Writing,2.4,18,5029,2,2024-07-13,Mumbai,2
327,Karan Gupta,Content Writing,2.5,4,6544,2,2024-07-20,Kolkata,3
328,Deepa Reddy,Video Editing; UI/UX Design,4.5,3,2941,2,2024-08-26,Delhi,3
329,Ravi Mehta,Social Media Management; App Development; UI/UX Design; Video Editing,2.0,2,4098,5,2024-07-19,Pune,2
330,Amit Singh,Digital Marketing,4.5,17,9011,2,2024-08-16,Mumbai,7
331,Tanya Gupta,Video Editing; UI/UX Design,4.0,17,7131,4,2024-08-03,Kolkata,2
332,Amit Reddy,Data Analysis; App Development; Digital Marketing; Video Editing,2.6,19,1599,2,2024-07-15,Delhi,7
333,Aditi Patel,Digital Marketing; UI/UX Design,4.6,19,3575,3,2024-07-17,Chennai,1
334,Sneha Gupta,Data Analysis; Video Editing; Social Media Management,1.9,2,8622,5,2024-08-09,Bangalore,6
335,Varun Joshi,UI/UX Design; Social Media Management; Data Analysis; Content Writing,2.1,1,3942,4,2024-07-15,Bangalore,10
336,Priya Reddy,Digital Marketing,4.4,17,9956,1,2024-08-20,Bangalore,3
337,Suresh Gupta,Social Media Management,1.2,7,6468,2,2024-08-13,Bangalore,4
338,Neha Kumar,App Development; Content Writing,5.0,18,5278,1,2024-08-19,Bangalore,4
339,Deepa Patel,App Development; Web Development; Data Analysis; Social Media Management,3.1,5,7512,2,2024-07-15,Hyderabad,3
340,Shivam Singh,Data Analysis; Social Media Management; Graphic Design; Content Writing,4.4,14,7843,2,2024-07-29,Kolkata,8
341,Rahul Reddy,App Development; Content Writing,2.2,1,9188,3,2024-07-22,Delhi,6
342,Sakshi Patel,Social Media Management; Web Development; Video Editing,4.7,5,6410,5,2024-08-10,Pune,9
343,Tanya Soni,UI/UX Design; SEO; App Development; Web Development,3.1,7,8778,1,2024-07-22,Chennai,7
344,Neha Gupta,Graphic Design; Video Editing,1.7,20,9005,1,2024-07-12,Delhi,1
345,Rahul Kumar,SEO; Digital Marketing,3.6,3,8449,1,2024-07-24,Chennai,0
346,Vikram Reddy,UI/UX Design; Content Writing; Graphic Design; Data Analysis,3.1,16,2126,4,2024-08-27,Pune,3
347,Sneha Singh,UI/UX Design; Data Analysis; Content Writing,3.4,10,4325,5,2024-08-15,Hyderabad,7
348,Karan Singh,Content Writing,2.8,13,5044,5,2024-07-22,Chennai,7
349,Varun Joshi,Graphic Design,2.2,15,6681,3,2024-07-26,Chennai,2
350,Sakshi Singh,App Development; UI/UX Design,2.8,6,2565,4,2024-08-14,Mumbai,3
351,Vikram Kumar,Graphic Design; SEO; Data Analysis,2.6,18,2986,3,2024-07-05,Pune,1
352,Riya Reddy,Data Analysis; Content Writing; Digital Marketing; Graphic Design,3.0,15,1437,1,2024-08-10,Hyderabad,10
353,Varun Patel,UI/UX Design; SEO; App Development,1.2,9,2878,2,2024-07-21,Hyderabad,7
354,Shivam Joshi,Graphic Design,3.2,8,8171,2,2024-07-31,Pune,4
355,Vikram Verma,App Development,1.4,10,3034,5,2024-08-17,Kolkata,2
356,Priya Sharma,Content Writing; Data Analysis; Social Media Management,1.7,2,9721,2,2024-07-29,Hyderabad,0
357,Riya Gupta,Digital Marketing; Data Analysis; Web Development; App Development,1.0,13,4305,2,2024-07-24,Delhi,3
358,Priya Sharma,Web Development; App Development; Social Media Management; UI/UX Design,1.8,3,4613,1,2024-08-21,Pune,10
359,Vikram Verma,UI/UX Design,3.1,11,6286,5,2024-08-10,Delhi,9
360,Ravi Mehta,UI/UX Design; Graphic Design; SEO; Video Editing,1.4,11,3844,1,2024-07-26,Hyderabad,5
361,Rahul Patel,Data Analysis; SEO,1.3,9,7045,1,2024-07-05,Delhi,6
362,Neha Soni,Graphic Design; Video Editing; Content Writing; Data Analysis,4.8,20,6314,4,2024-08-13,Pune,2
363,Amit Verma,Data Analysis; Graphic Design; Social Media Management,1.1,19,8354,4,2024-08-02,Hyderabad,3
364,Riya Soni,SEO,1.1,4,6060,2,2024-08-17,Kolkata,3
365,Tanya Gupta,Content Writing,2.5,10,4309,2,2024-07-25,Delhi,10
366,Anjali Singh,Social Media Management; Content Writing; Digital Marketing; Video Editing,3.6,2,9533,4,2024-08-11,Pune,4
367,Rahul Singh,Social Media Management; SEO; Video Editing,3.2,8,4644,5,2024-08-25,Kolkata,8
368,Amit Verma,Web Development; Graphic Design; Data Analysis; App Development,4.8,2,3318,2,2024-07-09,Mumbai,2
369,Pooja Mehta,SEO; Video Editing,1.3,15,6103,2,2024-08-16,Delhi,3
370,Sakshi Verma,Digital Marketing; App Development,3.3,7,5454,4,2024-07-06,Bangalore,6
371,Rahul Verma,Data Analysis; UI/UX Design; Video Editing; App Development,1.6,16,1324,4,2024-07-28,Pune,1
372,Neha Soni,Video Editing; Content Writing,2.0,15,6011,4,2024-07-19,Kolkata,8
373,Tanya Joshi,Social Media Management,1.5,16,4206,2,2024-08-28,Delhi,0
374,Rahul Mehta,Data Analysis; UI/UX Design; Video Editing,4.8,12,7292,4,2024-07-20,Hyderabad,9
375,Priya Patel,Graphic Design,2.5,19,3660,2,2024-08-18,Kolkata,4
376,Deepa Mehta,Social Media Management; Web Development; UI/UX Design; SEO,3.9,8,8827,1,2024-08-28,Pune,5
377,Rahul Verma,App Development; Data Analysis; Content Writing,2.0,20,3644,1,2024-07-08,Pune,1
378,Rahul Patel,Video Editing,4.6,14,3716,4,2024-07-17,Hyderabad,4
379,Riya Mehta,App Development; Digital Marketing; UI/UX Design; Data Analysis,4.5,3,2790,5,2024-08-19,Pune,5
380,Sneha Kumar,UI/UX Design; Digital Marketing,1.0,6,9056,1,2024-07-07,Mumbai,6
381,Riya Patel,UI/UX Design; Content Writing; Video Editing,2.5,5,4244,4,2024-07-12,Chennai,1
382,Varun Soni,Content Writing; SEO,1.2,6,4143,3,2024-08-27,Pune,6
383,Varun Soni,Content Writing,1.3,3,7188,1,2024-07-18,Mumbai,5
384,Rahul Soni,Data Analysis; App Development,3.7,4,1155,1,2024-07-18,Pune,0
385,Pooja Sharma,SEO,3.1,1,7154,5,2024-08-03,Pune,4
386,Shivam Joshi,App Development; UI/UX Design; Social Media Management,2.5,11,6164,2,2024-08-30,Bangalore,10
387,Rahul Patel,Social Media Management,4.5,4,1050,4,2024-08-25,Hyderabad,6
388,Sneha Sharma,Video Editing,2.1,8,7036,4,2024-08-09,Hyderabad,10
389,Shivam Mehta,SEO; Web Development; Social Media Management; Video Editing,3.5,2,6333,4,2024-07-15,Chennai,7
390,Rahul Soni,Social Media Management,2.7,16,2645,4,2024-07-19,Chennai,3
391,Sneha Mehta,Content Writing,3.0,3,5937,5,2024-08-25,Kolkata,2
392,Varun Gupta,Video Editing; SEO; App Development; Graphic Design,1.7,3,2728,4,2024-08-15,Mumbai,2
393,Amit Patel,SEO; Digital Marketing; Data Analysis,4.8,4,3224,5,2024-08-10,Hyderabad,7
394,Priya Reddy,App Development; Graphic Design,3.6,13,7252,5,2024-08-24,Kolkata,3
395,Aditi Kumar,Digital Marketing,1.4,3,6574,5,2024-08-29,Delhi,1
396,Pooja Reddy,Social Media Management; UI/UX Design,3.3,1,6092,1,2024-08-07,Chennai,3
397,Rahul Patel,Social Media Management; Content Writing; SEO,1.4,1,9819,4,2024-07-21,Delhi,4
398,Aditi Joshi,Content Writing; Digital Marketing; App Development; Social Media Management,3.7,2,6245,3,2024-08-02,Hyderabad,1
399,Karan Soni,SEO; Data Analysis; Digital Marketing; Social Media Management,4.9,2,6458,2,2024-08-22,Hyderabad,3
400,Aditi Sharma,Data Analysis; UI/UX Design,2.2,6,1353,5,2024-07-26,Bangalore,6
401,Shivam Reddy,UI/UX Design; Graphic Design; Digital Marketing; Content Writing,3.8,7,9978,4,2024-07-07,Delhi,5
402,Pooja Sharma,Data Analysis; Content Writing; Video Editing,2.8,16,5769,2,2024-07-14,Delhi,3
403,Rahul Reddy,Content Writing,2.5,14,3756,1,2024-07-07,Bangalore,7
404,Vikram Sharma,Video Editing,3.6,19,8107,2,2024-08-10,Hyderabad,6
405,Aditi Sharma,SEO,2.6,10,3826,4,2024-08-19,Hyderabad,10
406,Priya Joshi,Digital Marketing; Data Analysis; Social Media Management; Web Development,1.5,3,2999,4,2024-08-11,Hyderabad,8
407,Aditi Sharma,Digital Marketing; Graphic Design; Content Writing; SEO,2.9,14,5888,5,2024-07-09,Mumbai,5
408,Priya Mehta,UI/UX Design; Web Development,2.6,18,9684,4,2024-07-05,Chennai,9
409,Nikhil Gupta,Graphic Design; Content Writing,4.4,6,1087,5,2024-07-29,Pune,5
410,Suresh Sharma,App Development; SEO,3.6,3,5206,1,2024-07-06,Mumbai,8
411,Neha Reddy,UI/UX Design; Web Development,2.0,2,9510,3,2024-08-12,Chennai,7
412,Sneha Soni,Social Media Management; Video Editing; App Development; Digital Marketing,3.2,7,2622,1,2024-07-16,Mumbai,3
413,Sneha Kumar,Content Writing; Video Editing,1.9,12,5544,2,2024-08-16,Chennai,6
414,Priya Mehta,Digital Marketing; UI/UX Design; Content Writing,2.6,3,5164,4,2024-08-30,Hyderabad,2
415,Nikhil Singh,Digital Marketing,5.0,7,7097,5,2024-08-12,Hyderabad,8
416,Tanya Verma,Content Writing; Social Media Management; UI/UX Design; SEO,1.1,20,5055,1,2024-07-18,Mumbai,8
417,Suresh Mehta,Graphic Design; Social Media Management; App Development; Content Writing,4.6,9,3397,2,2024-07-18,Mumbai,1
418,Rahul Singh,Graphic Design; App Development; Content Writing; Digital Marketing,3.9,10,9021,1,2024-08-03,Bangalore,9
419,Neha Mehta,App Development; Graphic Design; Web Development,1.7,13,3960,3,2024-08-21,Hyderabad,10
420,Nikhil Mehta,Data Analysis; Content Writing; Digital Marketing; Web Development,3.7,5,3070,2,2024-07-25,Chennai,4
421,Anjali Reddy,App Development; UI/UX Design,3.8,6,8191,3,2024-08-21,Kolkata,8
422,Neha Kumar,Video Editing; SEO; Digital Marketing; Social Media Management,4.4,10,7660,3,2024-08-24,Mumbai,10
423,Priya Gupta,Graphic Design; Content Writing,3.3,3,5683,5,2024-08-29,Kolkata,0
424,Sakshi Mehta,Data Analysis; App Development,3.1,18,3042,4,2024-07-01,Chennai,3
425,Rahul Patel,SEO; Video Editing; Web Development,3.4,6,9577,2,2024-07-12,Mumbai,5
426,Sneha Mehta,Web Development; UI/UX Design; Data Analysis,2.5,12,2855,3,2024-08-28,Hyderabad,3
427,Nikhil Gupta,Digital Marketing; Data Analysis; App Development,2.1,1,7449,2,2024-08-29,Bangalore,10
428,Riya Sharma,App Development; Data Analysis; Web Development; Content Writing,1.0,15,6382,3,2024-07-23,Mumbai,0
429,Deepa Verma,Social Media Management; Web Development; Graphic Design; SEO,3.0,3,9668,5,2024-08-27,Delhi,6
430,Suresh Joshi,Content Writing,4.1,9,4704,4,2024-07-26,Bangalore,4
431,Deepa Patel,Video Editing; Digital Marketing,1.4,15,8198,2,2024-07-09,Bangalore,6
432,Rahul Reddy,Graphic Design; SEO,2.1,5,7464,4,2024-08-17,Bangalore,0
433,Vikram Singh,Digital Marketing; Graphic Design; UI/UX Design; SEO,3.2,5,6322,4,2024-08-02,Hyderabad,6
434,Sneha Gupta,Web Development,1.5,12,9192,1,2024-08-19,Hyderabad,3
435,Anjali Reddy,App Development; Web Development; UI/UX Design; SEO,2.2,16,2353,4,2024-07-16,Chennai,2
436,Riya Verma,Digital Marketing; Graphic Design,4.5,8,8031,2,2024-07-31,Hyderabad,1
437,Riya Soni,SEO; Content Writing,1.9,5,7574,1,2024-07-18,Delhi,2
438,Sakshi Sharma,Graphic Design; Web Development,2.5,17,6020,2,2024-07-15,Bangalore,6
439,Shivam Sharma,Web Development; Digital Marketing; Graphic Design; Content Writing,2.5,12,7849,2,2024-07-21,Mumbai,2
440,Anjali Sharma,Social Media Management,1.8,16,5590,5,2024-07-07,Kolkata,2
441,Karan Joshi,Social Media Management; Digital Marketing; Graphic Design,1.4,1,3134,3,2024-07-24,Hyderabad,5
442,Pooja Mehta,SEO; Digital Marketing; App Development,3.3,3,2742,2,2024-08-10,Hyderabad,9
443,Suresh Sharma,SEO; Data Analysis,4.7,3,9955,5,2024-07-22,Bangalore,7
444,Ravi Mehta,Web Development; Content Writing,1.8,18,5137,5,2024-07-23,Bangalore,7
445,Suresh Patel,Data Analysis,2.7,17,1358,2,2024-08-08,Bangalore,2
446,Neha Sharma,SEO,4.0,13,9110,5,2024-08-25,Chennai,1
447,Vikram Joshi,Video Editing; UI/UX Design; App Development; Digital Marketing,2.1,6,1058,2,2024-08-06,Delhi,9
448,Rahul Mehta,Video Editing; App Development; Digital Marketing; Content Writing,4.4,10,5399,5,2024-07-08,Delhi,3
449,Anjali Mehta,Digital Marketing; Web Development,3.6,9,3178,3,2024-08-25,Pune,0
450,Aditi Singh,Web Development,3.6,20,7047,3,2024-07-06,Hyderabad,8
451,Karan Verma,App Development; Digital Marketing; Social Media Management; Web Development,3.5,1,6824,2,2024-08-16,Bangalore,2
452,Karan Sharma,UI/UX Design,4.8,9,4377,4,2024-07-15,Bangalore,4
453,Ravi Soni,Content Writing; Data Analysis; SEO; Social Media Management,3.9,12,3430,4,2024-07-06,Kolkata,2
454,Varun Verma,SEO; Data Analysis,4.8,6,5621,1,2024-07-20,Delhi,2
455,Rahul Soni,Graphic Design; Content Writing,1.3,8,8455,4,2024-07-07,Hyderabad,8
456,Sneha Sharma,UI/UX Design,2.5,4,1222,1,2024-07-09,Delhi,1
457,Karan Verma,Web Development,4.8,4,9886,3,2024-08-24,Hyderabad,1
458,Ravi Verma,App Development; Data Analysis; Content Writing; Video Editing,2.3,5,4994,1,2024-08-04,Hyderabad,4
459,Nikhil Gupta,Web Development,1.4,10,2680,5,2024-08-26,Pune,6
460,Sneha Sharma,Web Development; SEO,2.7,5,6788,3,2024-07-15,Hyderabad,6
461,Suresh Joshi,Graphic Design; SEO,1.4,10,6854,1,2024-08-09,Bangalore,1
462,Deepa Gupta,App Development,1.6,14,9691,3,2024-08-08,Delhi,10
463,Sakshi Verma,App Development; Digital Marketing; Social Media Management,4.5,9,9179,3,2024-08-29,Bangalore,1
464,Rahul Verma,Social Media Management; Content Writing,2.6,16,2102,1,2024-08-06,Kolkata,4
465,Sneha Gupta,Content Writing; App Development; UI/UX Design,2.4,16,7944,4,2024-08-14,Kolkata,9
466,Amit Verma,UI/UX Design; App Development,3.2,18,9745,4,2024-08-04,Chennai,3
467,Rahul Gupta,Video Editing; SEO; Graphic Design; Data Analysis,2.4,7,1281,3,2024-08-05,Kolkata,2
468,Suresh Sharma,Social Media Management; Content Writing; Digital Marketing,2.8,18,7898,2,2024-07-14,Pune,3
469,Anjali Verma,Content Writing,2.5,1,7958,3,2024-07-04,Hyderabad,1
470,Pooja Gupta,App Development; Content Writing; Web Development; Graphic Design,2.5,3,5014,1,2024-07-01,Chennai,6
471,Sneha Verma,Content Writing; Video Editing; Digital Marketing; SEO,2.6,11,8274,1,2024-07-19,Mumbai,2
472,Anjali Sharma,Video Editing; Content Writing,1.0,14,8443,5,2024-08-15,Pune,4
473,Pooja Mehta,SEO; UI/UX Design; Content Writing,2.1,3,9544,4,2024-08-30,Delhi,3
474,Rahul Soni,SEO,2.6,18,2264,4,2024-07-31,Bangalore,10
475,Rahul Patel,Web Development; Social Media Management,3.6,7,5422,1,2024-07-07,Mumbai,5
476,Tanya Reddy,SEO,2.1,18,2744,1,2024-07-14,Chennai,0
477,Neha Singh,Web Development; SEO,2.1,19,1735,5,2024-08-20,Kolkata,0
478,Anjali Reddy,Digital Marketing,1.0,12,5626,4,2024-08-02,Delhi,5
479,Rahul Reddy,Graphic Design; Social Media Management,2.6,17,2654,5,2024-08-21,Pune,2
480,Rahul Soni,Data Analysis; Web Development; Digital Marketing; Graphic Design,1.6,15,2290,1,2024-08-30,Hyderabad,3
481,Ravi Verma,Video Editing; App Development,5.0,20,9573,3,2024-07-29,Pune,2
482,Amit Kumar,App Development; UI/UX Design; Web Development,4.6,13,4917,2,2024-08-09,Chennai,1
483,Sneha Soni,Graphic Design; Web Development; Content Writing; UI/UX Design,4.5,18,2428,4,2024-07-07,Kolkata,5
484,Vikram Kumar,Graphic Design; Digital Marketing,3.3,12,2461,1,2024-07-12,Hyderabad,7
485,Karan Joshi,Data Analysis; Content Writing; Graphic Design,4.9,16,1648,3,2024-08-24,Bangalore,6
486,Sakshi Soni,Data Analysis; Social Media Management,3.0,20,6138,3,2024-07-06,Hyderabad,6
487,Riya Joshi,Web Development; App Development; SEO,3.8,18,1130,2,2024-08-24,Mumbai,4
488,Rahul Verma,Graphic Design; SEO; UI/UX Design; Data Analysis,2.8,3,6716,4,2024-07-30,Hyderabad,8
489,Varun Gupta,Content Writing,3.9,13,8096,2,2024-07-26,Bangalore,1
490,Amit Reddy,SEO; Data Analysis; Graphic Design; Content Writing,2.8,18,3551,4,2024-07-10,Hyderabad,3
491,Amit Soni,App Development,4.1,2,6922,4,2024-07-31,Delhi,0
492,Ravi Sharma,Digital Marketing; App Development; Content Writing; Web Development,1.6,9,7636,1,2024-07-20,Pune,7
493,Sakshi Mehta,Digital Marketing; Content Writing,4.3,3,8021,3,2024-08-18,Bangalore,2
494,Ravi Reddy,Data Analysis; App Development; Content Writing; Social Media Management,2.7,19,7375,1,2024-08-05,Pune,9
495,Ravi Gupta,Social Media Management; App Development,1.1,15,3416,4,2024-08-25,Bangalore,1
496,Sakshi Kumar,Data Analysis,4.8,5,8361,5,2024-07-07,Mumbai,3
497,Ravi Patel,App Development; UI/UX Design,1.9,7,4131,5,2024-07-01,Bangalore,5
498,Rahul Kumar,Video Editing; Graphic Design; Data Analysis,3.6,15,7783,4,2024-07-23,Bangalore,8
499,Sakshi Mehta,Graphic Design; Content Writing; Data Analysis,2.7,6,3664,5,2024-07-28,Kolkata,4
500,Sakshi Kumar,Graphic Design,4.2,4,2468,1,2024-08-09,Kolkata,1
501,Shivam Soni,Data Analysis,3.0,2,5749,4,2024-07-14,Delhi,7
502,Nikhil Patel,SEO,4.4,4,6744,4,2024-07-27,Pune,10
503,Rahul Sharma,SEO; Video Editing; Digital Marketing,2.1,9,6036,4,2024-08-13,Delhi,0
504,Sakshi Sharma,Web Development,1.6,12,9502,5,2024-07-21,Bangalore,2
505,Pooja Patel,Video Editing; UI/UX Design,1.8,13,1845,5,2024-07-28,Delhi,10
506,Rahul Verma,Social Media Management; Video Editing; Content Writing; SEO,1.9,5,9261,1,2024-08-10,Chennai,6
507,Karan Mehta,Social Media Management; SEO,1.4,1,8166,1,2024-08-10,Pune,9
508,Sneha Sharma,App Development,2.5,5,8433,3,2024-07-12,Delhi,10
509,Aditi Kumar,Video Editing; SEO,3.9,13,5267,1,2024-07-18,Mumbai,2
510,Rahul Soni,Graphic Design,2.8,20,3010,1,2024-07-10,Bangalore,4
511,Vikram Gupta,Data Analysis,4.4,7,7402,1,2024-08-01,Pune,0
512,Sakshi Gupta,Graphic Design; SEO; UI/UX Design; Video Editing,4.6,15,3639,2,2024-07-20,Mumbai,2
513,Pooja Soni,Graphic Design,4.9,12,8928,5,2024-08-08,Chennai,0
514,Vikram Mehta,Graphic Design; SEO; Web Development,3.1,17,9384,2,2024-07-14,Pune,5
515,Suresh Singh,Social Media Management,1.6,3,3073,3,2024-07-18,Kolkata,3
516,Priya Reddy,Data Analysis; App Development; UI/UX Design,3.1,13,4163,3,2024-07-12,Delhi,10
517,Karan Patel,App Development,4.2,19,6105,2,2024-08-20,Delhi,7
518,Sakshi Joshi,App Development; Digital Marketing; Social Media Management; Video Editing,1.4,13,8033,2,2024-08-06,Bangalore,5
519,Priya Joshi,Web Development; Video Editing,2.0,14,5808,5,2024-08-22,Hyderabad,8
520,Deepa Patel,Graphic Design,1.7,11,8035,2,2024-07-23,Delhi,1
521,Ravi Reddy,Content Writing; Social Media Management; Graphic Design,1.0,1,6388,2,2024-07-30,Chennai,5
522,Aditi Mehta,UI/UX Design,2.1,7,9638,2,2024-07-07,Chennai,4
523,Tanya Gupta,UI/UX Design; Social Media Management; Video Editing; Graphic Design,1.8,16,9169,1,2024-07-18,Kolkata,1
524,Suresh Joshi,App Development; Social Media Management,3.4,8,1348,3,2024-07-02,Hyderabad,9
525,Rahul Joshi,Content Writing; UI/UX Design; Web Development,4.6,17,1640,3,2024-08-11,Mumbai,1
526,Shivam Gupta,Digital Marketing; App Development; Social Media Management; UI/UX Design,2.4,3,6131,4,2024-08-09,Mumbai,6
527,Neha Joshi,Graphic Design; Social Media Management; App Development; Web Development,1.9,1,3273,1,2024-07-21,Pune,6
528,Aditi Verma,SEO,3.9,12,9807,1,2024-08-29,Hyderabad,0
529,Karan Sharma,Web Development,4.8,3,5320,3,2024-08-14,Chennai,6
530,Karan Verma,App Development; Data Analysis,1.5,11,3424,5,2024-08-26,Pune,6
531,Varun Gupta,App Development; Data Analysis,3.6,9,6274,4,2024-07-15,Mumbai,4
532,Neha Gupta,Video Editing; SEO; App Development,3.8,3,9103,1,2024-07-14,Mumbai,10
533,Ravi Joshi,SEO; Data Analysis; Graphic Design; Content Writing,1.8,19,9644,5,2024-08-24,Bangalore,4
534,Varun Verma,Content Writing,1.9,12,7317,4,2024-08-25,Chennai,8
535,Ravi Patel,Graphic Design; Digital Marketing,2.7,10,2672,2,2024-07-30,Mumbai,1
536,Aditi Sharma,Content Writing; Digital Marketing; Web Development; SEO,3.6,15,6766,3,2024-07-08,Chennai,1
537,Deepa Patel,Content Writing; UI/UX Design,3.0,17,6467,1,2024-07-29,Bangalore,5
538,Suresh Sharma,UI/UX Design; SEO; Digital Marketing; Graphic Design,2.6,20,5520,5,2024-08-08,Kolkata,8
539,Sakshi Gupta,SEO,4.8,8,2887,1,2024-08-27,Mumbai,9
540,Karan Singh,Video Editing,1.4,8,7628,4,2024-07-26,Mumbai,3
541,Karan Joshi,Content Writing; SEO,2.4,10,5718,1,2024-07-07,Delhi,8
542,Tanya Joshi,SEO; Content Writing; Social Media Management,3.7,6,4069,3,2024-08-27,Kolkata,2
543,Rahul Joshi,Social Media Management; Web Development; Content Writing; Data Analysis,4.5,6,1159,5,2024-07-23,Kolkata,9
544,Rahul Joshi,Data Analysis; Graphic Design,1.2,1,5762,2,2024-08-03,Chennai,2
545,Sneha Gupta,Digital Marketing,4.2,11,8415,4,2024-08-17,Bangalore,8
546,Karan Joshi,Social Media Management; Data Analysis; Web Development,4.3,10,6467,5,2024-08-19,Hyderabad,9
547,Shivam Gupta,Video Editing; Web Development; Content Writing,4.9,8,3320,3,2024-08-01,Mumbai,3
548,Pooja Patel,SEO; Graphic Design; App Development,4.7,13,2768,3,2024-08-26,Hyderabad,10
549,Nikhil Joshi,Digital Marketing; Social Media Management,4.6,13,7836,3,2024-07-20,Delhi,0
550,Pooja Mehta,App Development; Graphic Design; UI/UX Design,4.2,19,6685,3,2024-07-08,Mumbai,7
551,Sneha Joshi,Video Editing; Digital Marketing,3.5,6,5974,4,2024-07-19,Mumbai,4
552,Rahul Joshi,SEO,2.1,19,3022,1,2024-08-01,Bangalore,0
553,Sakshi Reddy,Web Development,2.0,12,5641,5,2024-08-12,Pune,8
554,Sneha Gupta,Content Writing; SEO; UI/UX Design,3.3,3,5764,2,2024-07-03,Kolkata,5
555,Aditi Patel,UI/UX Design; Graphic Design; Digital Marketing; Content Writing,3.4,6,8140,3,2024-08-21,Chennai,2
556,Ravi Kumar,UI/UX Design; Video Editing,1.8,10,2402,3,2024-08-06,Hyderabad,7
557,Nikhil Verma,UI/UX Design; Graphic Design; Content Writing; Digital Marketing,2.8,11,9254,3,2024-07-30,Bangalore,6
558,Varun Patel,Data Analysis; Web Development; Video Editing; UI/UX Design,2.7,5,5954,2,2024-08-07,Chennai,5
559,Sneha Soni,Web Development; UI/UX Design; Content Writing,2.6,1,8582,5,2024-07-30,Pune,0
560,Priya Sharma,Graphic Design; Social Media Management; App Development,4.3,19,8888,3,2024-08-25,Mumbai,1
561,Pooja Mehta,SEO,3.1,18,9115,2,2024-07-15,Hyderabad,10
562,Sneha Kumar,Web Development; Data Analysis; SEO,1.5,1,3507,5,2024-08-26,Mumbai,8
563,Suresh Singh,Graphic Design; Data Analysis,1.1,17,8271,4,2024-07-04,Mumbai,4
564,Rahul Joshi,SEO; Video Editing,2.0,20,8194,5,2024-07-08,Kolkata,2
565,Rahul Verma,SEO; Content Writing,3.0,18,4282,4,2024-07-31,Bangalore,4
566,Suresh Soni,Social Media Management; Digital Marketing; UI/UX Design; SEO,3.8,4,8601,4,2024-08-22,Kolkata,2
567,Rahul Kumar,Graphic Design; UI/UX Design; Web Development; Digital Marketing,2.2,20,8282,1,2024-08-28,Bangalore,2
568,Varun Joshi,Web Development; Content Writing; Social Media Management,3.0,17,4453,3,2024-08-27,Hyderabad,8
569,Rahul Mehta,Content Writing,3.6,12,6558,4,2024-08-15,Pune,2
570,Karan Kumar,Graphic Design; Data Analysis; UI/UX Design; SEO,3.4,6,9306,5,2024-07-17,Delhi,5
571,Pooja Soni,App Development; UI/UX Design; Graphic Design,1.2,6,4796,1,2024-08-12,Mumbai,7
572,Shivam Reddy,SEO; Graphic Design,4.6,6,7292,4,2024-08-29,Mumbai,0
573,Tanya Kumar,Web Development,4.4,3,8234,3,2024-08-08,Hyderabad,0
574,Vikram Reddy,Data Analysis,2.5,19,4272,2,2024-07-17,Kolkata,7
575,Neha Singh,Content Writing; UI/UX Design,4.3,7,2409,5,2024-07-02,Hyderabad,10
576,Suresh Singh,Content Writing,4.6,12,7685,5,2024-08-04,Pune,1
577,Amit Verma,SEO; App Development; Data Analysis; Digital Marketing,2.4,20,3258,1,2024-07-29,Kolkata,10
578,Rahul Gupta,Content Writing,4.1,10,2653,1,2024-08-01,Delhi,0
579,Tanya Mehta,Web Development; SEO; Digital Marketing,4.7,9,7396,3,2024-07-05,Pune,2
580,Neha Gupta,Video Editing; App Development,2.2,20,1928,5,2024-08-14,Mumbai,9
581,Shivam Kumar,Web Development,2.4,9,4285,3,2024-08-26,Pune,0
582,Sneha Singh,Web Development; SEO; Data Analysis,1.3,19,1579,3,2024-07-05,Kolkata,9
583,Tanya Gupta,Content Writing; Digital Marketing; Web Development; Data Analysis,1.1,17,4690,3,2024-07-28,Kolkata,4
584,Aditi Sharma,Web Development,4.1,7,9752,5,2024-08-25,Kolkata,10
585,Rahul Mehta,Web Development; UI/UX Design; Video Editing; Social Media Management,1.5,14,3257,1,2024-07-29,Mumbai,9
586,Deepa Reddy,Social Media Management; UI/UX Design,4.7,8,4801,1,2024-08-07,Mumbai,3
587,Sakshi Mehta,Web Development,4.5,8,1931,1,2024-07-04,Delhi,7
588,Vikram Kumar,Social Media Management,2.4,8,5790,2,2024-08-08,Kolkata,7
589,Suresh Gupta,Digital Marketing,4.8,7,9108,3,2024-08-27,Pune,3
590,Varun Kumar,Video Editing; Digital Marketing; SEO,3.1,9,6224,5,2024-08-02,Mumbai,0
591,Deepa Patel,Digital Marketing; Graphic Design; SEO; Video Editing,4.4,17,4777,3,2024-08-17,Chennai,3
592,Suresh Reddy,Web Development; SEO,3.8,15,2871,1,2024-08-01,Pune,0
593,Karan Kumar,Digital Marketing; Graphic Design; Web Development; Content Writing,4.4,13,9115,1,2024-08-25,Kolkata,6
594,Varun Sharma,SEO; UI/UX Design,1.7,14,9724,1,2024-08-12,Bangalore,0
595,Nikhil Reddy,App Development,4.0,11,5301,5,2024-07-14,Pune,0
596,Amit Soni,UI/UX Design; Web Development; Graphic Design; Digital Marketing,2.6,10,9761,4,2024-07-28,Chennai,9
597,Riya Kumar,UI/UX Design; Data Analysis,4.0,8,3160,1,2024-07-18,Pune,10
598,Karan Gupta,Video Editing; Digital Marketing,2.4,13,1632,5,2024-07-18,Bangalore,4
599,Karan Soni,Graphic Design,2.2,11,5333,2,2024-07-29,Kolkata,0
600,Varun Sharma,Web Development; Social Media Management; Data Analysis; Video Editing,4.4,7,7694,1,2024-08-07,Mumbai,4
601,Tanya Mehta,Graphic Design; Data Analysis; Content Writing,2.0,9,5252,4,2024-07-09,Delhi,10
602,Vikram Verma,SEO,1.5,2,4018,5,2024-08-25,Kolkata,9
603,Amit Sharma,Web Development; Digital Marketing,4.9,1,6789,5,2024-08-15,Mumbai,9
604,Aditi Reddy,Graphic Design,3.0,4,9372,1,2024-07-16,Delhi,5
605,Pooja Reddy,Graphic Design; UI/UX Design; Digital Marketing; App Development,1.1,20,6902,3,2024-07-27,Hyderabad,5
606,Shivam Kumar,Content Writing,2.5,10,3458,5,2024-07-02,Mumbai,9
607,Ravi Reddy,SEO; UI/UX Design; Web Development,3.6,5,7243,1,2024-07-05,Delhi,9
608,Riya Soni,Video Editing; Graphic Design; Web Development; Digital Marketing,2.9,17,9525,4,2024-07-21,Bangalore,3
609,Pooja Kumar,Social Media Management; SEO,4.2,12,4782,4,2024-07-21,Hyderabad,1
610,Aditi Joshi,Social Media Management; Graphic Design; App Development; Digital Marketing,3.0,12,8932,5,2024-07-15,Kolkata,6
611,Aditi Soni,Video Editing; SEO,4.1,14,3263,5,2024-07-17,Pune,4
612,Amit Reddy,Graphic Design,2.6,17,3431,5,2024-08-01,Hyderabad,3
613,Vikram Joshi,Content Writing,1.5,9,8698,1,2024-07-09,Pune,0
614,Sakshi Sharma,Graphic Design; Content Writing,3.1,17,7358,4,2024-07-23,Delhi,6
615,Nikhil Singh,Graphic Design; Social Media Management; Video Editing,3.4,20,2765,1,2024-07-05,Hyderabad,5
616,Varun Patel,UI/UX Design; Digital Marketing; Data Analysis; Social Media Management,1.5,6,9345,1,2024-07-10,Mumbai,9
617,Pooja Reddy,UI/UX Design; Social Media Management; Data Analysis; Graphic Design,3.0,19,5576,1,2024-07-15,Bangalore,7
618,Amit Sharma,Digital Marketing; Social Media Management; UI/UX Design; Content Writing,4.0,5,1687,2,2024-07-28,Chennai,4
619,Pooja Soni,Graphic Design; Social Media Management; Digital Marketing,1.7,10,5486,4,2024-07-29,Delhi,2
620,Neha Kumar,SEO,3.7,5,2572,2,2024-08-05,Pune,8
621,Vikram Sharma,Video Editing,3.2,7,1109,4,2024-08-23,Pune,0
622,Deepa Singh,App Development; UI/UX Design; Data Analysis,3.1,15,5832,1,2024-08-15,Hyderabad,1
623,Varun Patel,Digital Marketing; Graphic Design; Content Writing; Data Analysis,3.9,4,6795,1,2024-08-17,Pune,3
624,Priya Reddy,Video Editing; Social Media Management,2.1,17,2213,3,2024-08-27,Mumbai,6
625,Suresh Mehta,SEO; Video Editing; Web Development,4.8,1,5029,2,2024-08-07,Kolkata,3
626,Ravi Kumar,Content Writing; Data Analysis; App Development; Social Media Management,3.0,5,4253,1,2024-08-30,Chennai,3
627,Rahul Patel,Data Analysis,3.2,7,3918,1,2024-07-27,Hyderabad,4
628,Tanya Patel,Social Media Management; Data Analysis,3.1,6,5916,2,2024-08-26,Bangalore,10
629,Shivam Joshi,App Development; Social Media Management; Data Analysis; Content Writing,1.4,4,5706,4,2024-07-29,Bangalore,3
630,Sakshi Gupta,Data Analysis; Social Media Management,3.6,12,7522,2,2024-08-19,Kolkata,7
631,Tanya Patel,Web Development; Digital Marketing,2.1,7,7701,1,2024-08-05,Pune,5
632,Karan Reddy,UI/UX Design; Data Analysis; App Development; SEO,2.0,2,5396,4,2024-08-16,Delhi,5
633,Anjali Kumar,UI/UX Design; SEO; Content Writing; Digital Marketing,1.8,4,6401,2,2024-08-08,Chennai,0
634,Rahul Patel,Social Media Management,4.6,18,2039,1,2024-08-03,Delhi,5
635,Nikhil Singh,Video Editing; UI/UX Design,4.4,8,5754,2,2024-08-28,Bangalore,5
636,Sakshi Singh,Web Development; App Development,4.4,17,2679,5,2024-07-26,Pune,7
637,Anjali Verma,Digital Marketing; Web Development; SEO,3.5,8,1553,3,2024-08-17,Mumbai,6
638,Rahul Verma,Graphic Design; App Development; Video Editing,3.0,14,1330,1,2024-08-17,Pune,8
639,Tanya Verma,App Development,4.2,7,6114,3,2024-07-28,Chennai,0
640,Neha Kumar,SEO; Graphic Design; Digital Marketing; Social Media Management,3.3,13,5771,4,2024-07-06,Delhi,6
641,Nikhil Kumar,Digital Marketing; Video Editing; SEO; Data Analysis,1.1,16,7449,3,2024-08-18,Chennai,1
642,Varun Singh,UI/UX Design,4.1,15,7059,4,2024-08-06,Mumbai,10
643,Neha Reddy,Graphic Design; App Development,3.2,7,9025,5,2024-07-16,Mumbai,2
644,Rahul Soni,Video Editing; SEO; Web Development; UI/UX Design,3.0,14,6102,3,2024-08-23,Delhi,0
645,Amit Soni,Web Development; Digital Marketing; SEO; UI/UX Design,3.2,16,9938,4,2024-07-21,Hyderabad,3
646,Amit Joshi,Video Editing; App Development; Graphic Design; Web Development,2.7,3,7155,2,2024-08-18,Mumbai,2
647,Riya Gupta,SEO; Data Analysis,4.5,4,1639,4,2024-08-01,Delhi,10
648,Riya Joshi,Video Editing; UI/UX Design,2.6,10,2926,4,2024-07-19,Hyderabad,10
649,Karan Mehta,App Development; Social Media Management; Content Writing,1.6,17,4349,5,2024-08-30,Hyderabad,5
650,Riya Soni,Data Analysis; App Development; SEO,4.7,5,3690,5,2024-08-15,Pune,7
651,Rahul Reddy,Content Writing; App Development; Data Analysis; Web Development,5.0,1,6109,2,2024-07-13,Hyderabad,1
652,Nikhil Joshi,Graphic Design; Web Development; Data Analysis,3.4,3,6741,5,2024-08-26,Delhi,5
653,Rahul Singh,Digital Marketing; UI/UX Design; App Development,2.5,13,5173,5,2024-08-04,Hyderabad,10
654,Ravi Gupta,Graphic Design; SEO,2.1,9,2676,2,2024-08-21,Chennai,9
655,Rahul Reddy,App Development; Data Analysis; SEO,1.7,8,4546,1,2024-08-29,Pune,9
656,Sneha Verma,Data Analysis; Web Development,2.3,2,3244,5,2024-08-21,Kolkata,6
657,Shivam Reddy,Video Editing; Graphic Design; SEO,3.2,13,7316,4,2024-07-23,Bangalore,8
658,Amit Mehta,App Development,4.4,6,5550,2,2024-08-23,Kolkata,8
659,Varun Joshi,Graphic Design; Video Editing; UI/UX Design,3.6,6,1414,3,2024-08-24,Kolkata,10
660,Deepa Patel,App Development; Video Editing,4.5,7,7266,3,2024-07-12,Hyderabad,0
661,Ravi Joshi,Video Editing; SEO; Web Development,3.3,11,2541,3,2024-08-28,Bangalore,8
662,Rahul Soni,Web Development; Digital Marketing; Data Analysis,2.6,9,5492,1,2024-08-06,Pune,0
663,Shivam Soni,Data Analysis; Content Writing; App Development; Social Media Management,4.5,18,2702,1,2024-07-24,Mumbai,9
664,Sneha Verma,Graphic Design; UI/UX Design,4.3,4,1918,4,2024-08-10,Hyderabad,0
665,Amit Gupta,SEO; Web Development; Social Media Management,4.3,11,3772,5,2024-08-16,Bangalore,8
666,Rahul Patel,Web Development; Graphic Design; SEO; UI/UX Design,4.0,5,5368,1,2024-07-12,Kolkata,0
667,Karan Soni,Video Editing; UI/UX Design,1.7,1,6098,3,2024-08-05,Bangalore,1
668,Amit Joshi,App Development,4.7,3,2904,1,2024-07-12,Hyderabad,1
669,Vikram Reddy,Content Writing,4.2,7,7136,4,2024-07-06,Hyderabad,3
670,Neha Singh,Digital Marketing; Web Development,2.5,10,3916,3,2024-07-09,Chennai,5
671,Sakshi Singh,Digital Marketing; SEO,1.7,10,5249,4,2024-07-17,Mumbai,7
672,Deepa Soni,Social Media Management; Video Editing; Data Analysis,4.3,6,1601,5,2024-07-25,Delhi,8
673,Pooja Singh,Social Media Management; Digital Marketing; SEO; Content Writing,3.8,17,5406,1,2024-08-02,Pune,3
674,Karan Singh,Digital Marketing; Web Development; Graphic Design; App Development,3.6,6,8785,2,2024-07-30,Chennai,5
675,Deepa Soni,App Development; Web Development; Social Media Management; Data Analysis,1.4,12,1129,2,2024-07-27,Kolkata,5
676,Amit Gupta,Social Media Management; Digital Marketing,1.7,18,4050,1,2024-07-29,Pune,9
677,Varun Soni,UI/UX Design; Data Analysis; SEO; Content Writing,3.9,20,6535,4,2024-08-13,Kolkata,4
678,Anjali Singh,UI/UX Design,2.7,9,7565,5,2024-07-02,Delhi,8
679,Vikram Kumar,App Development; Content Writing,1.5,11,1881,1,2024-07-20,Pune,2
680,Deepa Joshi,Content Writing; Data Analysis; Web Development; Social Media Management,1.6,6,5936,3,2024-07-06,Delhi,3
681,Ravi Patel,SEO,1.6,18,7131,1,2024-07-31,Delhi,5
682,Suresh Joshi,SEO; Data Analysis; UI/UX Design; Video Editing,2.9,8,2569,4,2024-07-09,Bangalore,2
683,Rahul Reddy,UI/UX Design; App Development; Graphic Design,2.4,19,1440,2,2024-08-26,Chennai,2
684,Aditi Reddy,Social Media Management; Video Editing; Web Development,3.4,13,2265,2,2024-07-09,Kolkata,3
685,Anjali Singh,UI/UX Design; Graphic Design; Social Media Management,2.5,6,7974,2,2024-07-19,Bangalore,6
686,Shivam Sharma,UI/UX Design; Content Writing; Video Editing,2.6,17,2743,4,2024-08-21,Mumbai,5
687,Suresh Patel,Content Writing,2.3,19,9306,4,2024-08-13,Kolkata,0
688,Shivam Patel,Web Development; Digital Marketing; UI/UX Design; Content Writing,4.0,4,8377,5,2024-07-24,Pune,7
689,Amit Mehta,Graphic Design; Content Writing; UI/UX Design,3.1,13,2310,2,2024-07-01,Bangalore,9
690,Karan Singh,UI/UX Design; Web Development; Data Analysis; Content Writing,1.2,16,8540,3,2024-07-04,Chennai,10
691,Deepa Kumar,Social Media Management; Digital Marketing; Web Development; Video Editing,2.1,10,6847,4,2024-07-02,Kolkata,5
692,Neha Sharma,Social Media Management,3.9,18,7491,2,2024-07-12,Mumbai,8
693,Suresh Verma,Data Analysis; UI/UX Design,4.6,12,8504,5,2024-07-16,Pune,8
694,Pooja Joshi,Graphic Design,2.3,2,3404,5,2024-08-16,Hyderabad,1
695,Rahul Mehta,Social Media Management,4.7,10,7922,4,2024-07-02,Delhi,4
696,Priya Patel,SEO,3.3,10,9422,5,2024-08-24,Pune,3
697,Anjali Reddy,SEO; UI/UX Design; Digital Marketing; Social Media Management,3.8,6,5535,5,2024-08-12,Mumbai,9
698,Rahul Verma,Digital Marketing; Web Development; UI/UX Design,1.8,14,3126,3,2024-07-18,Kolkata,9
699,Amit Gupta,SEO; Web Development,3.8,8,2044,5,2024-07-19,Hyderabad,9
700,Varun Soni,App Development; Social Media Management; UI/UX Design; SEO,4.7,1,6618,3,2024-07-21,Bangalore,7
701,Sneha Joshi,SEO; Video Editing; Content Writing; Social Media Management,2.6,13,1528,5,2024-07-06,Hyderabad,7
702,Nikhil Reddy,SEO,4.0,17,7048,3,2024-07-19,Pune,5
703,Varun Joshi,Content Writing,3.5,6,6761,5,2024-07-28,Kolkata,0
704,Neha Mehta,SEO; UI/UX Design; Content Writing; App Development,3.4,4,2588,4,2024-07-14,Delhi,1
705,Pooja Kumar,Content Writing; UI/UX Design,3.2,12,4567,4,2024-08-27,Chennai,4
706,Amit Reddy,Social Media Management,3.0,18,7425,2,2024-08-24,Kolkata,7
707,Varun Kumar,Content Writing; App Development; UI/UX Design; Video Editing,1.0,11,8602,2,2024-08-13,Mumbai,6
708,Pooja Patel,UI/UX Design; SEO; Web Development; Digital Marketing,1.9,20,9247,1,2024-08-08,Chennai,6
709,Rahul Reddy,Content Writing; Data Analysis,3.7,12,1372,5,2024-08-26,Pune,10
710,Rahul Mehta,Content Writing; Data Analysis,2.5,8,3870,4,2024-08-29,Hyderabad,3
711,Amit Verma,Graphic Design; Web Development; SEO,3.3,15,5014,5,2024-07-29,Delhi,2
712,Varun Mehta,App Development,4.4,6,5011,4,2024-08-16,Mumbai,0
713,Anjali Patel,UI/UX Design; Graphic Design; App Development; Content Writing,4.5,18,2982,5,2024-08-11,Chennai,0
714,Varun Joshi,Digital Marketing,4.2,2,6953,4,2024-08-15,Chennai,10
715,Varun Patel,Graphic Design,1.6,9,2831,2,2024-07-24,Kolkata,10
716,Amit Verma,Data Analysis; SEO,2.1,11,2213,4,2024-08-27,Hyderabad,7
717,Aditi Kumar,Digital Marketing; Data Analysis; Social Media Management,4.1,9,5510,5,2024-07-03,Pune,2
718,Sneha Mehta,Web Development; SEO; Social Media Management,3.3,10,6024,2,2024-08-06,Hyderabad,4
719,Shivam Joshi,Content Writing; App Development; Video Editing,3.4,13,5215,2,2024-07-02,Pune,3
720,Pooja Kumar,App Development; Web Development,2.0,17,9467,4,2024-07-31,Chennai,2
721,Deepa Verma,Video Editing; Social Media Management; UI/UX Design,4.5,16,3770,5,2024-07-31,Delhi,7
722,Rahul Sharma,Social Media Management,1.9,7,4675,2,2024-07-18,Chennai,1
723,Ravi Reddy,Data Analysis; Web Development; SEO; Social Media Management,1.8,2,7528,1,2024-08-30,Bangalore,8
724,Priya Kumar,Web Development,2.8,17,5062,2,2024-07-17,Pune,2
725,Aditi Singh,Content Writing; Web Development; Digital Marketing; Data Analysis,2.1,7,2043,2,2024-08-03,Bangalore,0
726,Ravi Singh,App Development; Data Analysis,2.9,18,1836,3,2024-08-20,Hyderabad,1
727,Ravi Joshi,Data Analysis,1.3,7,2636,5,2024-08-07,Delhi,9
728,Shivam Kumar,App Development,2.7,4,8252,2,2024-08-07,Pune,10
729,Tanya Joshi,Digital Marketing,4.0,20,5435,4,2024-08-10,Delhi,5
730,Riya Joshi,Digital Marketing; App Development; SEO,2.4,18,9242,3,2024-08-10,Kolkata,1
731,Vikram Joshi,Social Media Management,4.6,17,8708,4,2024-07-11,Delhi,1
732,Sakshi Kumar,Data Analysis,2.4,18,3992,2,2024-08-19,Mumbai,3
733,Ravi Kumar,Social Media Management; Video Editing; Data Analysis,1.4,10,4445,5,2024-08-13,Delhi,5
734,Vikram Singh,Content Writing; App Development; Video Editing; Data Analysis,4.8,16,7830,3,2024-07-15,Bangalore,7
735,Neha Reddy,Digital Marketing; Social Media Management,3.9,11,8368,3,2024-07-28,Chennai,6
736,Sakshi Sharma,Web Development; UI/UX Design; Social Media Management; Data Analysis,4.2,15,5492,1,2024-08-22,Hyderabad,3
737,Ravi Kumar,Social Media Management; Web Development; App Development,2.7,13,6336,5,2024-08-05,Hyderabad,3
738,Ravi Soni,Digital Marketing; Graphic Design; Video Editing; Data Analysis,1.6,16,8698,1,2024-08-19,Hyderabad,6
739,Shivam Singh,App Development; UI/UX Design; Web Development,1.4,11,5522,5,2024-07-24,Kolkata,4
740,Suresh Joshi,Graphic Design; Social Media Management,4.9,14,3486,2,2024-08-07,Bangalore,9
741,Ravi Mehta,Data Analysis,2.0,19,9955,3,2024-08-05,Chennai,4
742,Rahul Verma,Social Media Management,4.8,12,8304,2,2024-07-12,Bangalore,7
743,Aditi Joshi,Social Media Management; SEO; Digital Marketing,2.0,1,3298,1,2024-08-11,Kolkata,6
744,Rahul Joshi,Video Editing,1.2,17,7119,1,2024-08-06,Kolkata,0
745,Riya Reddy,Digital Marketing; Social Media Management; Graphic Design; Video Editing,1.3,3,2840,5,2024-07-11,Pune,8
746,Priya Soni,App Development; SEO; Graphic Design; UI/UX Design,3.7,9,8630,4,2024-08-26,Hyderabad,2
747,Amit Gupta,App Development; Social Media Management,2.8,14,1351,4,2024-08-06,Bangalore,0
748,Tanya Patel,Web Development,1.9,14,3465,3,2024-08-24,Delhi,9
749,Amit Mehta,SEO; Social Media Management; Content Writing; Graphic Design,4.1,7,6054,2,2024-07-07,Mumbai,8
750,Tanya Sharma,Video Editing; Social Media Management,4.8,11,6166,2,2024-08-12,Delhi,3
751,Neha Verma,Digital Marketing; SEO; Video Editing; UI/UX Design,2.4,5,8203,1,2024-08-23,Kolkata,0
752,Varun Singh,Web Development; Data Analysis; Video Editing; SEO,1.8,13,3042,1,2024-07-12,Chennai,9
753,Riya Gupta,SEO; Graphic Design,4.8,20,6871,3,2024-07-27,Delhi,3
754,Priya Mehta,Data Analysis; Digital Marketing; Graphic Design,4.8,1,1118,4,2024-08-21,Kolkata,6
755,Suresh Reddy,Digital Marketing; Graphic Design; UI/UX Design,4.8,10,4757,1,2024-08-11,Hyderabad,6
756,Shivam Sharma,Social Media Management; Web Development; Content Writing,4.4,6,1151,2,2024-08-03,Delhi,2
757,Shivam Sharma,App Development,4.2,10,7089,5,2024-07-27,Pune,2
758,Sakshi Verma,Video Editing; Content Writing,4.0,6,6981,1,2024-08-20,Delhi,0
759,Shivam Singh,UI/UX Design; Social Media Management; Digital Marketing,3.5,1,1423,3,2024-07-02,Kolkata,0
760,Sneha Patel,Video Editing,2.5,20,9604,2,2024-07-11,Mumbai,0
761,Deepa Singh,UI/UX Design,5.0,4,8793,4,2024-07-27,Pune,8
762,Varun Verma,Digital Marketing,2.9,9,3100,3,2024-08-12,Chennai,5
763,Tanya Gupta,Data Analysis; SEO; Content Writing; Graphic Design,3.1,5,4695,1,2024-08-17,Mumbai,6
764,Neha Soni,SEO,1.9,6,5933,3,2024-08-15,Kolkata,10
765,Pooja Mehta,Content Writing; Social Media Management; UI/UX Design,2.5,5,1560,4,2024-08-10,Mumbai,3
766,Vikram Sharma,Web Development; SEO,1.6,11,1191,5,2024-07-31,Kolkata,5
767,Ravi Soni,Data Analysis; SEO; App Development; Digital Marketing,2.1,15,2930,3,2024-08-11,Pune,8
768,Amit Reddy,Digital Marketing; Social Media Management,4.2,16,9993,4,2024-08-12,Mumbai,10
769,Amit Mehta,Graphic Design; Social Media Management; UI/UX Design,3.6,18,3068,1,2024-07-15,Kolkata,1
770,Suresh Mehta,Content Writing; Social Media Management; Digital Marketing,2.8,18,2359,5,2024-07-12,Kolkata,8
771,Ravi Verma,Web Development; SEO,3.9,12,9611,5,2024-08-19,Delhi,9
772,Riya Mehta,Video Editing,2.5,8,9697,2,2024-07-24,Delhi,1
773,Vikram Soni,Content Writing; Video Editing,4.8,20,7947,2,2024-07-18,Mumbai,6
774,Neha Patel,Data Analysis; App Development; Social Media Management; Graphic Design,3.9,10,1005,1,2024-07-17,Hyderabad,8
775,Neha Singh,Web Development,4.0,5,3355,4,2024-08-22,Delhi,3
776,Rahul Verma,UI/UX Design; SEO; Video Editing; App Development,2.4,8,5525,2,2024-08-27,Kolkata,1
777,Pooja Verma,Data Analysis; Content Writing,3.7,11,1176,1,2024-08-03,Bangalore,8
778,Suresh Soni,SEO; Data Analysis; Digital Marketing; UI/UX Design,1.5,20,8444,2,2024-07-05,Pune,5
779,Karan Sharma,Digital Marketing; Graphic Design; Data Analysis; SEO,3.3,16,5769,2,2024-08-03,Mumbai,1
780,Tanya Soni,SEO; Data Analysis; UI/UX Design,2.7,4,5590,3,2024-08-27,Bangalore,10
781,Riya Reddy,Digital Marketing; Social Media Management; Graphic Design; Web Development,1.4,16,4977,5,2024-08-01,Delhi,9
782,Sakshi Kumar,Data Analysis,3.2,19,7157,5,2024-08-03,Pune,10
783,Rahul Sharma,App Development,4.4,4,2555,1,2024-08-18,Delhi,5
784,Pooja Soni,UI/UX Design; Web Development; Social Media Management; Data Analysis,4.2,15,9564,1,2024-08-30,Kolkata,10
785,Sakshi Sharma,App Development; Content Writing,1.1,11,2618,3,2024-08-28,Kolkata,0
786,Varun Kumar,Social Media Management; App Development; SEO,2.1,2,6316,4,2024-08-14,Hyderabad,4
787,Vikram Singh,UI/UX Design; Social Media Management; Content Writing,4.4,3,6468,3,2024-08-09,Chennai,3
788,Amit Kumar,Graphic Design,3.6,11,9146,2,2024-08-18,Kolkata,3
789,Karan Joshi,Social Media Management; Data Analysis; App Development,4.0,6,6288,1,2024-07-08,Delhi,9
790,Neha Mehta,Video Editing; App Development; Content Writing,2.6,3,4254,1,2024-07-06,Hyderabad,9
791,Rahul Kumar,Social Media Management; Video Editing,2.4,5,7311,1,2024-08-24,Hyderabad,4
792,Tanya Soni,Social Media Management,5.0,15,1668,2,2024-08-05,Delhi,10
793,Karan Sharma,SEO; App Development; Video Editing; Graphic Design,2.8,7,3381,1,2024-07-19,Delhi,0
794,Tanya Joshi,UI/UX Design; Video Editing; SEO; Data Analysis,1.7,17,7547,5,2024-08-26,Kolkata,4
795,Deepa Kumar,Social Media Management; App Development; SEO; Content Writing,3.2,3,3203,3,2024-08-25,Pune,3
796,Nikhil Soni,Graphic Design; Video Editing,3.8,18,6136,1,2024-08-21,Pune,9
797,Aditi Reddy,Data Analysis; Digital Marketing,3.3,2,8540,5,2024-07-29,Kolkata,9
798,Sakshi Gupta,Web Development; Video Editing,2.8,2,6695,4,2024-08-25,Hyderabad,2
799,Priya Reddy,Digital Marketing,3.3,1,9041,4,2024-08-15,Pune,2
800,Rahul Singh,Digital Marketing; Video Editing; App Development; Content Writing,1.9,17,7670,2,2024-08-19,Chennai,10
801,Pooja Reddy,App Development,1.2,12,2960,1,2024-08-09,Mumbai,8
802,Sakshi Verma,SEO; Content Writing,4.3,1,9109,1,2024-07-22,Mumbai,1
803,Rahul Soni,UI/UX Design; App Development; Data Analysis; Graphic Design,4.4,6,2570,3,2024-07-23,Delhi,6
804,Karan Joshi,Content Writing,2.0,7,4713,3,2024-08-11,Hyderabad,1
805,Amit Joshi,Video Editing,2.0,20,1997,5,2024-07-04,Hyderabad,5
806,Suresh Verma,Video Editing,1.1,11,7303,3,2024-07-02,Pune,9
807,Pooja Reddy,Content Writing,1.8,20,9162,2,2024-08-04,Delhi,5
808,Suresh Verma,App Development; Content Writing; Data Analysis,3.8,6,9312,2,2024-08-22,Pune,7
809,Rahul Soni,Video Editing,4.6,4,6106,3,2024-07-07,Bangalore,10
810,Vikram Soni,Graphic Design; Data Analysis,1.8,5,6527,4,2024-08-29,Hyderabad,8
811,Rahul Joshi,Video Editing,1.3,8,6991,2,2024-07-16,Pune,7
812,Ravi Patel,Social Media Management,1.2,16,2618,5,2024-07-06,Hyderabad,10
813,Amit Mehta,Video Editing; SEO; Digital Marketing; Content Writing,1.5,7,5799,4,2024-07-26,Kolkata,6
814,Priya Joshi,Data Analysis,1.4,18,8931,5,2024-07-25,Bangalore,7
815,Neha Sharma,SEO,4.8,10,9893,2,2024-08-11,Bangalore,0
816,Nikhil Sharma,Digital Marketing,2.5,12,9810,1,2024-08-22,Pune,10
817,Sakshi Mehta,Video Editing; Social Media Management,3.7,2,4514,1,2024-07-30,Delhi,3
818,Amit Gupta,Data Analysis; SEO,3.3,20,1255,1,2024-08-29,Kolkata,3
819,Suresh Kumar,SEO,3.6,11,3900,4,2024-08-22,Delhi,5
820,Rahul Sharma,Content Writing; SEO,3.5,9,7927,5,2024-08-15,Pune,10
821,Neha Singh,UI/UX Design; Web Development; App Development,4.3,13,5556,2,2024-08-22,Pune,7
822,Karan Soni,UI/UX Design,1.2,15,3111,2,2024-07-05,Hyderabad,1
823,Suresh Verma,Graphic Design; Content Writing; Social Media Management; App Development,4.8,9,7524,3,2024-08-04,Bangalore,4
824,Pooja Kumar,Graphic Design,2.6,7,2417,5,2024-08-24,Kolkata,3
825,Sneha Mehta,Data Analysis,2.9,4,4746,1,2024-08-23,Kolkata,2
826,Priya Gupta,UI/UX Design; Social Media Management,2.8,5,8242,5,2024-08-19,Mumbai,10
827,Riya Singh,Social Media Management; Web Development,3.3,5,6592,3,2024-08-28,Delhi,5
828,Varun Singh,UI/UX Design,2.5,10,9283,1,2024-07-15,Delhi,10
829,Ravi Reddy,Web Development; Data Analysis; Graphic Design; UI/UX Design,2.0,17,5715,5,2024-07-11,Delhi,8
830,Amit Sharma,Graphic Design,2.6,18,1286,5,2024-08-16,Delhi,5
831,Deepa Sharma,Graphic Design; SEO,1.0,1,1957,4,2024-08-19,Chennai,1
832,Aditi Sharma,Web Development,3.6,16,7325,3,2024-08-13,Chennai,6
833,Varun Singh,App Development; Digital Marketing; Social Media Management; Data Analysis,2.8,5,8441,5,2024-08-26,Bangalore,3
834,Sneha Kumar,UI/UX Design; Digital Marketing,4.5,12,1343,4,2024-08-21,Bangalore,2
835,Anjali Joshi,Video Editing; SEO; UI/UX Design; Graphic Design,4.4,12,4409,4,2024-07-27,Kolkata,7
836,Varun Joshi,Data Analysis; Social Media Management; Video Editing; Content Writing,3.7,5,9682,2,2024-07-16,Delhi,3
837,Pooja Singh,Data Analysis; Video Editing; UI/UX Design,2.5,10,4498,4,2024-07-10,Kolkata,1
838,Nikhil Joshi,App Development; UI/UX Design; Web Development,1.8,11,3567,4,2024-08-29,Chennai,6
839,Vikram Joshi,SEO,2.5,6,5478,5,2024-08-19,Delhi,10
840,Rahul Soni,Content Writing; UI/UX Design,2.3,8,3139,4,2024-07-21,Chennai,9
841,Riya Sharma,Graphic Design,1.3,1,1864,3,2024-08-24,Mumbai,5
842,Deepa Singh,SEO; Digital Marketing,4.4,12,6169,5,2024-08-27,Pune,7
843,Shivam Reddy,Digital Marketing; App Development,1.4,18,3618,2,2024-07-11,Kolkata,1
844,Nikhil Soni,Content Writing; Video Editing; Data Analysis; Social Media Management,4.9,8,2857,2,2024-08-28,Kolkata,1
845,Anjali Verma,Data Analysis; UI/UX Design; App Development; Graphic Design,4.1,19,6937,4,2024-08-07,Chennai,2
846,Varun Sharma,App Development; Social Media Management; Video Editing; Web Development,4.5,3,3903,2,2024-08-09,Bangalore,10
847,Rahul Verma,SEO,4.8,11,5789,1,2024-07-23,Chennai,7
848,Rahul Soni,Content Writing; Social Media Management; Digital Marketing; Graphic Design,3.1,17,1384,4,2024-07-21,Delhi,0
849,Aditi Kumar,Data Analysis; UI/UX Design; Social Media Management,1.2,15,2314,3,2024-08-05,Mumbai,2
850,Tanya Sharma,Digital Marketing,2.5,16,7226,4,2024-07-03,Hyderabad,10
851,Karan Patel,Social Media Management; Video Editing; UI/UX Design,2.6,11,3168,3,2024-08-16,Bangalore,8
852,Ravi Joshi,Digital Marketing; Graphic Design; Data Analysis,4.7,3,6220,5,2024-08-27,Mumbai,0
853,Sneha Gupta,Graphic Design; Content Writing,2.5,5,4882,1,2024-08-25,Mumbai,0
854,Rahul Reddy,Content Writing,3.3,15,6421,1,2024-08-09,Mumbai,0
855,Sneha Singh,Content Writing,1.4,3,1062,4,2024-08-20,Hyderabad,3
856,Ravi Sharma,UI/UX Design,2.3,17,4156,4,2024-08-22,Delhi,7
857,Tanya Verma,Digital Marketing; Web Development; Data Analysis; Graphic Design,3.0,3,3881,2,2024-07-17,Delhi,8
858,Pooja Singh,Graphic Design,1.8,11,4730,2,2024-07-26,Hyderabad,9
859,Neha Soni,Video Editing; Digital Marketing; SEO; Data Analysis,2.0,12,4944,5,2024-07-01,Hyderabad,10
860,Karan Kumar,Graphic Design; Web Development,1.3,12,1989,5,2024-08-18,Pune,6
861,Priya Joshi,Graphic Design,2.3,12,2079,5,2024-07-17,Hyderabad,5
862,Varun Reddy,Social Media Management; Data Analysis; Digital Marketing; UI/UX Design,3.0,18,4117,2,2024-08-07,Delhi,0
863,Deepa Patel,Data Analysis; Social Media Management; UI/UX Design; SEO,4.5,15,8408,2,2024-07-10,Hyderabad,6
864,Sakshi Sharma,Social Media Management; UI/UX Design,5.0,5,7544,3,2024-07-01,Kolkata,10
865,Vikram Verma,SEO; Graphic Design,1.1,16,3455,3,2024-07-22,Delhi,0
866,Shivam Patel,Digital Marketing; Video Editing,2.1,7,8971,5,2024-08-16,Kolkata,6
867,Sakshi Verma,Web Development; Social Media Management; Graphic Design; App Development,4.8,16,5740,2,2024-07-16,Chennai,7
868,Ravi Patel,Web Development; Digital Marketing; Content Writing; Data Analysis,3.5,20,8028,5,2024-07-08,Chennai,2
869,Riya Kumar,Social Media Management; Content Writing; App Development,3.3,16,2034,1,2024-07-29,Bangalore,6
870,Aditi Singh,SEO; Social Media Management; Data Analysis,4.1,18,6582,5,2024-08-20,Bangalore,3
871,Sneha Reddy,App Development; SEO,4.3,8,9005,5,2024-07-31,Mumbai,5
872,Riya Gupta,Content Writing; Social Media Management; Graphic Design; Digital Marketing,3.0,20,5358,1,2024-07-29,Kolkata,3
873,Karan Verma,Web Development; Data Analysis; SEO,1.9,1,6361,3,2024-08-22,Chennai,7
874,Nikhil Verma,Social Media Management; Data Analysis; App Development,3.4,18,4277,2,2024-08-29,Chennai,9
875,Suresh Kumar,SEO,3.1,17,5627,2,2024-08-20,Kolkata,6
876,Rahul Kumar,SEO; Content Writing; Digital Marketing,1.1,14,2289,3,2024-07-30,Pune,2
